name,fips,mi2
"Autauga, AL",1001,604.49
"Montgomery, AL",1101,799.81
"Apache, AZ",4001,11219.17
"Arkansas, AR",5001,1033.85
"Newton, AR",5101,823.24
"Alameda, CA",6001,821.26
"Sutter, CA",6101,608.86
"Adams, CO",8001,1197.83
"Pueblo, CO",8101,2397.86
"Fairfield, CT",9001,837.01
"Kent, DE",10001,800.14
District of Columbia,11001,68.36
"Alachua, FL",12001,969.18
"Pasco, FL",12101,868.02
"Appling, GA",13001,512.15
"Echols, GA",13101,420.83
"Miller, GA",13201,283.74
"Warren, GA",13301,286.76
"Hawaii, HI",15001,5086.97
"Ada, ID",16001,1060.38
"Adams, IL",17001,871.32
"Lawrence, IL",17101,373.97
"Winnebago, IL",17201,519.33
"Adams, IN",18001,339.95
"Martin, IN",18101,340.55
"Adair, IA",19001,570.33
"Jefferson, IA",19101,436.76
"Allen, KS",20001,505.24
"Lane, KS",20101,717.48
"Washington, KS",20201,898.88
"Adair, KY",21001,412.25
"Henderson, KY",21101,467.26
"Robertson, KY",21201,100.11
"Acadia, LA",22001,657.65
"St. Mary, LA",22101,1118.93
"Androscoggin, ME",23001,497.25
"Allegany, MD",24001,429.74
"Barnstable, MA",25001,1305.52
"Alcona, MI",26001,1790.56
"Manistee, MI",26101,1280.9
"Aitkin, MN",27001,1995.39
"Murray, MN",27101,719.56
"Adams, MS",28001,486.28
"Newton, MS",28101,579.62
"Adair, MO",29001,569.35
"Johnson, MO",29101,833.09
"Scott, MO",29201,426.06
"Beaverhead, MT",30001,5572.35
"Toole, MT",30101,1945.82
"Adams, NE",31001,564.19
"Keith, NE",31101,1109.85
"Churchill, NV",32001,5023.65
"Belknap, NH",33001,468.59
"Atlantic, NJ",34001,671.47
"Bernalillo, NM",35001,1168.77
"Albany, NY",36001,533.47
"Steuben, NY",36101,1404.17
"Alamance, NC",37001,434.8
"Johnston, NC",37101,795.9
"Adams, ND",38001,988.89
"Ward, ND",38101,2056.36
"Adams, OH",39001,585.83
"Marion, OH",39101,404.17
"Adair, OK",40001,577.06
"Muskogee, OK",40101,839.01
"Baker, OR",41001,3088.61
"Adams, PA",42001,521.56
"Philadelphia, PA",42101,142.68
"Bristol, RI",44001,44.71
"Abbeville, SC",45001,511.1
"Moody, SD",46101,521.13
"Anderson, TN",47001,344.83
"Lewis, TN",47101,282.5
"Anderson, TX",48001,1078.05
"Cottle, TX",48101,901.66
"Harris, TX",48201,1777.89
"Loving, TX",48301,676.88
"Rusk, TX",48401,938.7
"Yoakum, TX",48501,799.79
"Beaver, UT",49001,2592.43
"Addison, VT",50001,808.46
"Accomack, VA",51001,1310.18
"King William, VA",51101,285.67
"Adams, WA",53001,1929.73
"Barbour, WV",54001,342.77
"Webster, WV",54101,556.18
"Adams, WI",55001,688.57
"Racine, WI",55101,791.98
"Albany, WY",56001,4309.03
"Baldwin, AL",1003,2027.08
"Morgan, AL",1103,599.09
"Cochise, AZ",4003,6219.32
"Ashley, AR",5003,939.16
"Ouachita, AR",5103,739.7
"Alpine, CA",6003,743.23
"Tehama, CA",6103,2962.3
"Alamosa, CO",8003,723.59
"Rio Blanco, CO",8103,3223.1
"Hartford, CT",9003,750.61
"New Castle, DE",10003,493.53
"Baker, FL",12003,588.92
"Pinellas, FL",12103,607.75
"Atkinson, GA",13003,344.12
"Effingham, GA",13103,482.89
"Washington, GA",13303,684.43
"Honolulu, HI",15003,2126.98
"Adams, ID",16003,1370.11
"Alexander, IL",17003,252.55
"Lee, IL",17103,729.34
"Woodford, IL",17203,542.78
"Allen, IN",18003,660.14
"Miami, IN",18103,377.38
"Adams, IA",19003,425.42
"Johnson, IA",19103,623.41
"Anderson, KS",20003,584.35
"Leavenworth, KS",20103,468.36
"Wichita, KS",20203,718.59
"Allen, KY",21003,352.06
"Henry, KY",21103,291.13
"Rockcastle, KY",21203,318.08
"Allen, LA",22003,765.72
"St. Tammany, LA",22103,1124.13
"Aroostook, ME",23003,6829.18
"Anne Arundel, MD",24003,587.91
"Berkshire, MA",25003,946.34
"Alger, MI",26003,5044.37
"Marquette, MI",26103,3426.9
"Anoka, MN",27003,446.28
"Nicollet, MN",27103,466.98
"Alcorn, MS",28003,401.38
"Noxubee, MS",28103,700.09
"Andrew, MO",29003,436.53
"Knox, MO",29103,506.8
"Shannon, MO",29203,1004.05
"Big Horn, MT",30003,5014.72
"Treasure, MT",30103,984.14
"Antelope, NE",31003,858.49
"Keya Paha, NE",31103,774.21
"Clark, NV",32003,8091.05
"Carroll, NH",33003,992.32
"Bergen, NJ",34003,246.82
"Catron, NM",35003,6929.49
"Allegany, NY",36003,1034.48
"Suffolk, NY",36103,2373.39
"Alexander, NC",37003,263.29
"Jones, NC",37103,474.74
"Barnes, ND",38003,1513.34
"Wells, ND",38103,1290.7
"Allen, OH",39003,406.92
"Medina, OH",39103,423.13
"Alfalfa, OK",40003,881.5
"Noble, OK",40103,742.5
"Benton, OR",41003,679.01
"Allegheny, PA",42003,744.73
"Pike, PA",42103,566.66
"Kent, RI",44003,188.01
"Aiken, SC",45003,1080.53
"Aurora, SD",46003,712.58
"Pennington, SD",46103,2784.46
"Bedford, TN",47003,474.89
"Lincoln, TN",47103,570.68
"Andrews, TX",48003,1501.09
"Crane, TX",48103,785.65
"Harrison, TX",48203,915.17
"Lubbock, TX",48303,900.74
"Sabine, TX",48403,576.65
"Young, TX",48503,930.9
"Box Elder, UT",49003,6729.45
"Bennington, VT",50003,677.72
"Albemarle, VA",51003,726.24
"Lancaster, VA",51103,231.36
"Asotin, WA",53003,640.69
"Berkeley, WV",54003,321.61
"Wetzel, WV",54103,361.39
"Ashland, WI",55003,2294.11
"Richland, WI",55103,589.45
"Big Horn, WY",56003,3159.1
"Barbour, AL",1005,904.59
"Perry, AL",1105,724.13
"Hoonah-Angoon, AK",2105,17500.23
"Coconino, AZ",4005,18662.57
"Baxter, AR",5005,586.78
"Perry, AR",5105,560.51
"Amador, CA",6005,604.26
"Trinity, CA",6105,3207.79
"Arapahoe, CO",8005,805.47
"Rio Grande, CO",8105,913.13
"Litchfield, CT",9005,944.63
"Sussex, DE",10005,1195.7
"Bay, FL",12005,1033.35
"Polk, FL",12105,2010.19
"Bacon, GA",13005,285.94
"Elbert, GA",13105,374.57
"Mitchell, GA",13205,513.84
"Wayne, GA",13305,648.85
"Kalawao, HI",15005,52.33
"Bannock, ID",16005,1147.5
"Bond, IL",17005,382.67
"Livingston, IL",17105,1045.49
"Bartholomew, IN",18005,409.38
"Monroe, IN",18105,411.34
"Allamakee, IA",19005,658.75
"Jones, IA",19105,576.74
"Atchison, KS",20005,435.06
"Lincoln, KS",20105,719.97
"Wilson, KS",20205,575.04
"Anderson, KY",21005,204.3
"Hickman, KY",21105,252.95
"Rowan, KY",21205,286.27
"Ascension, LA",22005,302.91
"Tangipahoa, LA",22105,823.19
"Cumberland, ME",23005,1217.01
"Baltimore, MD",24005,682.08
"Bristol, MA",25005,691.26
"Allegan, MI",26005,1833.51
"Mason, MI",26105,1241.98
"Becker, MN",27005,1445.17
"Nobles, MN",27105,722.36
"Amite, MS",28005,731.7
"Oktibbeha, MS",28105,461.94
"Atchison, MO",29005,547.39
"Laclede, MO",29105,768.03
"Shelby, MO",29205,502.45
"Blaine, MT",30005,4238.98
"Valley, MT",30105,5062.08
"Arthur, NE",31005,718.36
"Kimball, NE",31105,952.38
"Douglas, NV",32005,737.67
"Cheshire, NH",33005,729.21
"Burlington, NJ",34005,819.48
"Chaves, NM",35005,6075.6
"Bronx, NY",36005,57.42
"Sullivan, NY",36105,996.93
"Alleghany, NC",37005,235.52
"Lee, NC",37105,259.36
"Benson, ND",38005,1439.39
"Williams, ND",38105,2148.08
"Ashland, OH",39005,426.86
"Meigs, OH",39105,432.41
"Atoka, OK",40005,990.05
"Nowata, OK",40105,580.93
"Clackamas, OR",41005,1879.13
"Armstrong, PA",42005,664.48
"Potter, PA",42105,1081.47
"Newport, RI",44005,313.65
"Allendale, SC",45005,412.59
"Beadle, SD",46005,1264.93
"Perkins, SD",46105,2890.85
"Benton, TN",47005,436.23
"Loudon, TN",47105,247.04
"Angelina, TX",48005,864.51
"Crockett, TX",48105,2807.66
"Hartley, TX",48205,1463.3
"Lynn, TX",48305,893.5
"San Augustine, TX",48405,592.25
"Zapata, TX",48505,1058.18
"Cache, UT",49005,1173.17
"Caledonia, VT",50005,657.74
"Alleghany, VA",51005,446.93
"Lee, VA",51105,437.34
"Benton, WA",53005,1760.19
"Boone, WV",54005,503.22
"Wirt, WV",54105,234.85
"Barron, WI",55005,890.08
"Rock, WI",55105,726.26
"Campbell, WY",56005,4801.69
"Cibola, NM",35006,4542.07
"Bibb, AL",1007,625.5
"Pickens, AL",1107,890.1
"Gila, AZ",4007,4796.14
"Benton, AR",5007,876.82
"Phillips, AR",5107,727.34
"Butte, CA",6007,1677.22
"Tulare, CA",6107,4839.41
"Archuleta, CO",8007,1354.65
"Routt, CO",8107,2368.19
"Middlesex, CT",9007,439.07
"Bradford, FL",12007,300.06
"Putnam, FL",12107,827.22
"Baker, GA",13007,349.19
"Emanuel, GA",13107,690.4
"Monroe, GA",13207,397.83
"Webster, GA",13307,210.27
"Kauai, HI",15007,1266.45
"Bear Lake, ID",16007,1049.49
"Boone, IL",17007,281.96
"Logan, IL",17107,619.04
"Benton, IN",18007,406.42
"Montgomery, IN",18107,505.39
"Appanoose, IA",19007,516.39
"Keokuk, IA",19107,579.99
"Barber, KS",20007,1136.27
"Linn, KS",20107,606.35
"Woodson, KS",20207,505.5
"Ballard, KY",21007,273.62
"Hopkins, KY",21107,554.25
"Russell, KY",21207,282.84
"Assumption, LA",22007,364.59
"Tensas, LA",22107,641.25
"Franklin, ME",23007,1744.46
"Dukes, MA",25007,491
"Alpena, MI",26007,1695.05
"Mecosta, MI",26107,571.14
"Beltrami, MN",27007,3055.7
"Norman, MN",27107,876.85
"Attala, MS",28007,737.15
"Panola, MS",28107,705.19
"Audrain, MO",29007,696.83
"Lafayette, MO",29107,638.9
"Stoddard, MO",29207,828.99
"Broadwater, MT",30007,1238.94
"Wheatland, MT",30107,1428.37
"Banner, NE",31007,746.43
"Knox, NE",31107,1139.75
"Elko, NV",32007,17204.04
"Coos, NH",33007,1831.72
"Camden, NJ",34007,227.59
"Colfax, NM",35007,3768.29
"Broome, NY",36007,715.5
"Tioga, NY",36107,522.94
"Anson, NC",37007,537.17
"Lenoir, NC",37107,402.11
"Billings, ND",38007,1153.47
"Ashtabula, OH",39007,1368.76
"Mercer, OH",39107,473.32
"Beaver, OK",40007,1817.68
"Okfuskee, OK",40107,628.94
"Clatsop, OR",41007,1084.8
"Beaver, PA",42007,443.94
"Schuylkill, PA",42107,782.63
"Providence, RI",44007,435.85
"Anderson, SC",45007,757.47
"Bennett, SD",46007,1190.7
"Potter, SD",46107,898.47
"Bledsoe, TN",47007,406.73
"McMinn, TN",47107,432.24
"Aransas, TX",48007,528.01
"Crosby, TX",48107,901.74
"Haskell, TX",48207,910.33
"McCulloch, TX",48307,1073.43
"San Jacinto, TX",48407,627.96
"Zavala, TX",48507,1301.82
"Carbon, UT",49007,1484.69
"Chittenden, VT",50007,619.62
"Amelia, VA",51007,358.57
"Loudoun, VA",51107,521.14
"Chelan, WA",53007,2993.87
"Braxton, WV",54007,516.2
"Wood, WV",54107,376.98
"Bayfield, WI",55007,2041.75
"Rusk, WI",55107,930.96
"Carbon, WY",56007,7964.44
"Blount, AL",1009,650.65
"Pike, AL",1109,672.15
"Graham, AZ",4009,4641.47
"Boone, AR",5009,601.86
"Pike, AR",5109,613.93
"Calaveras, CA",6009,1036.92
"Tuolumne, CA",6109,2274.52
"Baca, CO",8009,2557.24
"Saguache, CO",8109,3170.46
"New Haven, CT",9009,862.06
"Brevard, FL",12009,1557.25
"St. Johns, FL",12109,821.47
"Baldwin, GA",13009,267.52
"Evans, GA",13109,186.9
"Montgomery, GA",13209,247.34
"Wheeler, GA",13309,300.16
"Maui, HI",15009,2398.87
"Benewah, ID",16009,784.01
"Brown, IL",17009,307.26
"McDonough, IL",17109,590.06
"Blackford, IN",18009,165.42
"Morgan, IN",18109,409.41
"Audubon, IA",19009,443.6
"Kossuth, IA",19109,974.46
"Barton, KS",20009,900.5
"Logan, KS",20109,1073.17
"Wyandotte, KS",20209,155.7
"Barren, KY",21009,499.95
"Jackson, KY",21109,346.59
"Scott, KY",21209,285.31
"Avoyelles, LA",22009,865.74
"Terrebonne, LA",22109,2080.08
"Hancock, ME",23009,2351.18
"Calvert, MD",24009,345.11
"Essex, MA",25009,828.69
"Antrim, MI",26009,601.94
"Menominee, MI",26109,1338.13
"Benton, MN",27009,413.02
"Olmsted, MN",27109,654.53
"Benton, MS",28009,408.67
"Pearl River, MS",28109,818.98
"Barry, MO",29009,790.96
"Lawrence, MO",29109,613.42
"Stone, MO",29209,510.95
"Carbon, MT",30009,2062.26
"Wibaux, MT",30109,890.12
"Blaine, NE",31009,714.39
"Lancaster, NE",31109,846.73
"Esmeralda, NV",32009,3589.19
"Grafton, NH",33009,1750.3
"Cape May, NJ",34009,620.29
"Curry, NM",35009,1407.78
"Cattaraugus, NY",36009,1322.33
"Tompkins, NY",36109,491.65
"Ashe, NC",37009,426.81
"Lincoln, NC",37109,307.06
"Bottineau, ND",38009,1697.83
"Athens, OH",39009,508.58
"Miami, OH",39109,409.19
"Beckham, OK",40009,904.19
"Oklahoma, OK",40109,718.38
"Columbia, OR",41009,688.37
"Bedford, PA",42009,1017.49
"Snyder, PA",42109,332.18
"Washington, RI",44009,562.9
"Bamberg, SC",45009,395.49
"Bon Homme, SD",46009,581.37
"Roberts, SD",46109,1135.42
"Blount, TN",47009,566.66
"McNairy, TN",47109,560.87
"Archer, TX",48009,925.85
"Culberson, TX",48109,3812.94
"Hays, TX",48209,679.85
"McLennan, TX",48309,1060.27
"San Patricio, TX",48409,707.11
"Daggett, UT",49009,723.1
"Essex, VT",50009,673.83
"Amherst, VA",51009,478.81
"Louisa, VA",51109,510.83
"Clallam, WA",53009,2676.14
"Brooke, WV",54009,92.26
"Wyoming, WV",54109,501.85
"Brown, WI",55009,615.47
"St. Croix, WI",55109,735.85
"Converse, WY",56009,4265.29
"Juneau, AK",2110,3081.12
"Baltimore city, MD",24510,92.08
"St. Louis city, MO",29510,66.15
"Carson City city, NV",32510,155.85
"Alexandria, VA",51510,15.38
"Falls Church, VA",51610,2
"Norfolk, VA",51710,96.3
"Virginia Beach, VA",51810,497.35
"Bullock, AL",1011,626.11
"Randolph, AL",1111,584.15
"Greenlee, AZ",4011,1848.55
"Bradley, AR",5011,654.43
"Poinsett, AR",5111,763.44
"Colusa, CA",6011,1156.32
"Ventura, CA",6111,2208.36
"Bent, CO",8011,1541.25
"San Juan, CO",8111,388.31
"New London, CT",9011,771.71
"Broward, FL",12011,1319.74
"St. Lucie, FL",12111,688.13
"Banks, GA",13011,233.88
"Fannin, GA",13111,391.46
"Morgan, GA",13211,354.62
"White, GA",13311,242.18
"Bingham, ID",16011,2120.34
"Bureau, IL",17011,873.36
"McHenry, IL",17111,611.18
"Boone, IN",18011,423.31
"Newton, IN",18111,403.56
"Benton, IA",19011,718.52
"Lee, IA",19111,538.8
"Bourbon, KS",20011,638.88
"Lyon, KS",20111,855.21
"Bath, KY",21011,283.96
"Jefferson, KY",21111,398.6
"Shelby, KY",21211,385.67
"Beauregard, LA",22011,1166.06
"Union, LA",22111,905.36
"Kennebec, ME",23011,951.24
"Caroline, MD",24011,326.07
"Franklin, MA",25011,724.81
"Arenac, MI",26011,680.75
"Midland, MI",26111,527.92
"Big Stone, MN",27011,527.92
"Otter Tail, MN",27111,2225.03
"Bolivar, MS",28011,905.82
"Perry, MS",28111,650.24
"Barton, MO",29011,596.78
"Lewis, MO",29111,510.88
"Sullivan, MO",29211,651.48
"Carter, MT",30011,3348.41
"Yellowstone, MT",30111,2649.11
"Boone, NE",31011,687.3
"Lincoln, NE",31111,2575.27
"Eureka, NV",32011,4180.25
"Hillsborough, NH",33011,892.28
"Cumberland, NJ",34011,676.57
"De Baca, NM",35011,2334.02
"Cayuga, NY",36011,778.93
"Ulster, NY",36111,1160.82
"Avery, NC",37011,247.22
"McDowell, NC",37111,446.43
"Bowman, ND",38011,1167.03
"Auglaize, OH",39011,401.74
"Monroe, OH",39111,457.48
"Blaine, OK",40011,938.94
"Okmulgee, OK",40111,702.36
"Coos, OR",41011,1806.45
"Berks, PA",42011,865.68
"Somerset, PA",42111,1081.26
"Barnwell, SC",45011,557.29
"Brookings, SD",46011,804.82
"Sanborn, SD",46111,570.25
"Bradley, TN",47011,331.52
"Macon, TN",47111,307.2
"Armstrong, TX",48011,913.85
"Dallam, TX",48111,1505.37
"Hemphill, TX",48211,912.11
"McMullen, TX",48311,1142.71
"San Saba, TX",48411,1138.33
"Davis, UT",49011,633.57
"Franklin, VT",50011,692.66
"Appomattox, VA",51011,334.75
"Lunenburg, VA",51111,432.4
"Clark, WA",53011,656.26
"Cabell, WV",54011,288.04
"Buffalo, WI",55011,709.63
"Sauk, WI",55111,848.51
"Crook, WY",56011,2870.61
"La Paz, AZ",4012,4513.66
"Butler, AL",1013,777.99
"Russell, AL",1113,647.44
"Aleutians East, AK",2013,15011.77
"Maricopa, AZ",4013,9224.86
"Calhoun, AR",5013,632.59
"Polk, AR",5113,862.47
"Contra Costa, CA",6013,802.18
"Yolo, CA",6113,1022.87
"Boulder, CO",8013,751.4
"San Miguel, CO",8113,1288.54
"Tolland, CT",9013,417.03
"Calhoun, FL",12013,574.38
"Santa Rosa, FL",12113,1155.31
"Barrow, GA",13013,162.85
"Fayette, GA",13113,199.27
"Murray, GA",13213,346.9
"Whitfield, GA",13313,290.68
"Blaine, ID",16013,2661.14
"Calhoun, IL",17013,283.71
"McLean, IL",17113,1186.33
"Brown, IN",18013,316.65
"Noble, IN",18113,417.63
"Black Hawk, IA",19013,571.96
"Linn, IA",19113,724.62
"Brown, KS",20013,572.23
"McPherson, KS",20113,901.29
"Bell, KY",21013,361.36
"Jessamine, KY",21113,174.47
"Simpson, KY",21213,236.21
"Bienville, LA",22013,821.83
"Vermilion, LA",22113,1538.42
"Knox, ME",23013,1142.07
"Carroll, MD",24013,452.43
"Hampden, MA",25013,634.17
"Baraga, MI",26013,1069.12
"Missaukee, MI",26113,573.85
"Blue Earth, MN",27013,765.93
"Pennington, MN",27113,618.36
"Calhoun, MS",28013,588
"Pike, MS",28113,410.81
"Bates, MO",29013,851.45
"Lincoln, MO",29113,640.44
"Taney, MO",29213,651.53
"Cascade, MT",30013,2711.74
"Yellowstone National Park, MT",30113,246.12
"Box Butte, NE",31013,1077.92
"Logan, NE",31113,571.18
"Humboldt, NV",32013,9658.42
"Merrimack, NH",33013,956.56
"Essex, NJ",34013,129.59
"Dona Ana, NM",35013,3814.88
"Chautauqua, NY",36013,1500.19
"Warren, NY",36113,931.73
"Beaufort, NC",37013,958
"Macon, NC",37113,519.44
"Burke, ND",38013,1129.33
"Belmont, OH",39013,541.41
"Montgomery, OH",39113,464.39
"Bryan, OK",40013,943.49
"Osage, OK",40113,2303.94
"Crook, OR",41013,2987.55
"Blair, PA",42013,527.17
"Sullivan, PA",42113,452.37
"Beaufort, SC",45013,923
"Brown, SD",46013,1731.36
"Shannon, SD",46113,2096.72
"Campbell, TN",47013,498.27
"Madison, TN",47113,558.68
"Atascosa, TX",48013,1235.73
"Dallas, TX",48113,908.87
"Henderson, TX",48213,949.09
"Madison, TX",48313,472.48
"Schleicher, TX",48413,1310.74
"Duchesne, UT",49013,3256.29
"Grand Isle, VT",50013,194.66
"Arlington, VA",51013,25.97
"Madison, VA",51113,321.81
"Columbia, WA",53013,873.52
"Calhoun, WV",54013,280.65
"Burnett, WI",55013,880.44
"Sawyer, WI",55113,1350.44
"Fremont, WY",56013,9266.21
"Broomfield, CO",8014,0
"Calhoun, AL",1015,612.35
"St. Clair, AL",1115,653.66
"Mohave, AZ",4015,13470.5
"Carroll, AR",5015,642.33
"Pope, AR",5115,830.84
"Del Norte, CA",6015,1229.84
"Yuba, CA",6115,643.55
"Chaffee, CO",8015,1015.07
"Sedgwick, CO",8115,549.64
"Windham, CT",9015,521.51
"Charlotte, FL",12015,859.28
"Sarasota, FL",12115,725.27
"Bartow, GA",13015,470.56
"Floyd, GA",13115,518.5
"Muscogee, GA",13215,221.02
"Wilcox, GA",13315,383.32
"Boise, ID",16015,1906.81
"Carroll, IL",17015,465.81
"Macon, IL",17115,585.4
"Carroll, IN",18015,375.06
"Ohio, IN",18115,87.48
"Boone, IA",19015,573.54
"Louisa, IA",19115,417.67
"Butler, KS",20015,1446.49
"Marion, KS",20115,953.59
"Boone, KY",21015,256.98
"Johnson, KY",21115,263.96
"Spencer, KY",21215,191.81
"Bossier, LA",22015,867.01
"Vernon, LA",22115,1341.61
"Lincoln, ME",23015,699.97
"Cecil, MD",24015,417.89
"Hampshire, MA",25015,545.47
"Barry, MI",26015,576.93
"Monroe, MI",26115,680.1
"Brown, MN",27015,618.62
"Pine, MN",27115,1434.68
"Carroll, MS",28015,634.59
"Pontotoc, MS",28115,501.02
"Benton, MO",29015,752.55
"Linn, MO",29115,621.5
"Texas, MO",29215,1179.33
"Chouteau, MT",30015,3997.13
"Boyd, NE",31015,544.64
"Loup, NE",31115,571.06
"Lander, NV",32015,5519.64
"Rockingham, NH",33015,794.04
"Gloucester, NJ",34015,337
"Eddy, NM",35015,4197.8
"Chemung, NY",36015,410.81
"Washington, NY",36115,845.91
"Bertie, NC",37015,741.22
"Madison, NC",37115,451.61
"Burleigh, ND",38015,1668.12
"Brown, OH",39015,495.26
"Morgan, OH",39115,421.88
"Caddo, OK",40015,1290.41
"Ottawa, OK",40115,484.77
"Curry, OR",41015,1988.64
"Bradford, PA",42015,1161.09
"Susquehanna, PA",42115,832.44
"Berkeley, SC",45015,1229.23
"Brule, SD",46015,846.56
"Spink, SD",46115,1510.18
"Cannon, TN",47015,265.73
"Marion, TN",47115,513.8
"Austin, TX",48015,656.44
"Dawson, TX",48115,902.16
"Hidalgo, TX",48215,1582.78
"Marion, TX",48315,420.39
"Scurry, TX",48415,907.61
"Emery, UT",49015,4461.83
"Lamoille, VT",50015,463.47
"Augusta, VA",51015,972.28
"Mathews, VA",51115,251.98
"Bedford, VA",51515,6.86
"Cowlitz, WA",53015,1166.41
"Clay, WV",54015,343.85
"Calumet, WI",55015,397.06
"Shawano, WI",55115,909.39
"Goshen, WY",56015,2232.31
"Aleutians West, AK",2016,14114.7
"Chambers, AL",1017,603.15
"Shelby, AL",1117,809.6
"Navajo, AZ",4017,9960.22
"Chicot, AR",5017,690.93
"Prairie, AR",5117,675.81
"El Dorado, CA",6017,1791.29
"Cheyenne, CO",8017,1781.5
"Summit, CO",8117,619.29
"Citrus, FL",12017,773.24
"Seminole, FL",12117,344.9
"Ben Hill, GA",13017,254.04
"Forsyth, GA",13117,247.38
"Newton, GA",13217,279.21
"Wilkes, GA",13317,474.03
"Bonner, ID",16017,1919.62
"Cass, IL",17017,383.76
"Macoupin, IL",17117,867.65
"Cass, IN",18017,414.95
"Orange, IN",18117,408.23
"Bremer, IA",19017,439.64
"Lucas, IA",19117,434.21
"Chase, KS",20017,778.06
"Marshall, KS",20117,904.41
"Bourbon, KY",21017,291.68
"Kenton, KY",21117,164.97
"Taylor, KY",21217,277.06
"Caddo, LA",22017,937.01
"Washington, LA",22117,676.01
"Oxford, ME",23017,2175.44
"Charles, MD",24017,643.27
"Middlesex, MA",25017,847.63
"Bay, MI",26017,630.98
"Montcalm, MI",26117,721.02
"Carlton, MN",27017,875.28
"Pipestone, MN",27117,466.17
"Chickasaw, MS",28017,504.3
"Prentiss, MS",28117,418.28
"Bollinger, MO",29017,621.21
"Livingston, MO",29117,538.51
"Vernon, MO",29217,837.11
"Custer, MT",30017,3793.37
"Brown, NE",31017,1225.15
"McPherson, NE",31117,860.06
"Lincoln, NV",32017,10637.44
"Strafford, NH",33017,383.95
"Hudson, NJ",34017,62.26
"Grant, NM",35017,3967.79
"Chenango, NY",36017,898.76
"Wayne, NY",36117,1384.18
"Bladen, NC",37017,887.15
"Martin, NC",37117,462.9
"Cass, ND",38017,1768
"Butler, OH",39017,470.24
"Morrow, OH",39117,407.38
"Canadian, OK",40017,905.25
"Pawnee, OK",40117,594.92
"Deschutes, OR",41017,3054.96
"Bucks, PA",42017,622.15
"Tioga, PA",42117,1137.35
"Calhoun, SC",45017,392.36
"Buffalo, SD",46017,487.46
"Stanley, SD",46117,1517.06
"Carroll, TN",47017,599.89
"Marshall, TN",47117,376.13
"Bailey, TX",48017,827.43
"Deaf Smith, TX",48117,1498.36
"Hill, TX",48217,985.71
"Martin, TX",48317,915.69
"Shackelford, TX",48417,915.61
"Garfield, UT",49017,5208.5
"Orange, VT",50017,691.97
"Bath, VA",51017,534.59
"Mecklenburg, VA",51117,679.34
"Douglas, WA",53017,1848.74
"Doddridge, WV",54017,320.51
"Chippewa, WI",55017,1041.36
"Sheboygan, WI",55117,1271.07
"Hot Springs, WY",56017,2006.32
"Cherokee, AL",1019,600
"Sumter, AL",1119,913.35
"Pima, AZ",4019,9189.44
"Clark, AR",5019,882.68
"Pulaski, AR",5119,807.91
"Fresno, CA",6019,6017.89
"Clear Creek, CO",8019,396.47
"Teller, CO",8119,558.99
"Clay, FL",12019,643.73
"Sumter, FL",12119,580.35
"Berrien, GA",13019,457.81
"Franklin, GA",13119,266.38
"Oconee, GA",13219,186.15
"Wilkinson, GA",13319,452.03
"Bonneville, ID",16019,1900.74
"Champaign, IL",17019,997.56
"Madison, IL",17119,740.39
"Clark, IN",18019,376.23
"Owen, IN",18119,387.85
"Buchanan, IA",19019,573.38
"Lyon, IA",19119,587.68
"Chautauqua, KS",20019,644.87
"Meade, KS",20119,979.72
"Boyd, KY",21019,161.83
"Knott, KY",21119,353.03
"Todd, KY",21219,377
"Calcasieu, LA",22019,1094.42
"Webster, LA",22119,615.13
"Penobscot, ME",23019,3556.42
"Dorchester, MD",24019,982.97
"Nantucket, MA",25019,303.28
"Benzie, MI",26019,859.72
"Montmorency, MI",26119,562.46
"Carver, MN",27019,376.23
"Polk, MN",27119,1997.89
"Choctaw, MS",28019,419.84
"Quitman, MS",28119,406.52
"Boone, MO",29019,691.19
"McDonald, MO",29119,539.74
"Warren, MO",29219,437.76
"Daniels, MT",30019,1426.57
"Buffalo, NE",31019,975.31
"Madison, NE",31119,575.09
"Lyon, NV",32019,2016.49
"Sullivan, NH",33019,551.98
"Hunterdon, NJ",34019,437.85
"Guadalupe, NM",35019,3031.81
"Clinton, NY",36019,1117.68
"Westchester, NY",36119,500.21
"Brunswick, NC",37019,1050.06
"Mecklenburg, NC",37119,549.74
"Cavalier, ND",38019,1510.22
"Carroll, OH",39019,399.02
"Muskingum, OH",39119,672.61
"Carter, OK",40019,833.78
"Payne, OK",40119,697.18
"Douglas, OR",41019,5134.06
"Butler, PA",42019,794.85
"Union, PA",42119,317.15
"Charleston, SC",45019,1357.14
"Butte, SD",46019,2266.43
"Sully, SD",46119,1070.42
"Carter, TN",47019,347.64
"Maury, TN",47119,615.57
"Bandera, TX",48019,797.6
"Delta, TX",48119,277.94
"Hockley, TX",48219,908.57
"Mason, TX",48319,932.26
"Shelby, TX",48419,834.6
"Grand, UT",49019,3694.3
"Orleans, VT",50019,720.33
"Bedford, VA",51019,769.36
"Middlesex, VA",51119,210.76
"Ferry, WA",53019,2257.46
"Fayette, WV",54019,668.4
"Clark, WI",55019,1219.14
"Taylor, WI",55119,984.58
"Johnson, WY",56019,4174.86
"Anchorage, AK",2020,1961.51
"Sitka, AK",2220,4849.75
"Bristol, VA",51520,11.59
"Franklin, VA",51620,7.72
"Norton, VA",51720,7.26
"Waynesboro, VA",51820,14.06
"Chilton, AL",1021,700.8
"Talladega, AL",1121,760.32
"Pinal, AZ",4021,5374.49
"Clay, AR",5021,641.47
"Randolph, AR",5121,656.08
"Glenn, CA",6021,1327.25
"Conejos, CO",8021,1290.99
"Washington, CO",8121,2524.29
"Collier, FL",12021,2305.09
"Suwannee, FL",12121,691.94
"Bibb, GA",13021,255.17
"Fulton, GA",13121,534.59
"Oglethorpe, GA",13221,442.2
"Worth, GA",13321,574.61
"Boundary, ID",16021,1278.2
"Christian, IL",17021,715.71
"Marion, IL",17121,575.73
"Clay, IN",18021,360.42
"Parke, IN",18121,450.12
"Buena Vista, IA",19021,580.1
"Madison, IA",19121,562.33
"Cherokee, KS",20021,591.02
"Miami, KS",20121,590.2
"Boyle, KY",21021,182.71
"Knox, KY",21121,387.72
"Trigg, KY",21221,481.12
"Caldwell, LA",22021,540.77
"West Baton Rouge, LA",22121,203.64
"Piscataquis, ME",23021,4377.71
"Frederick, MD",24021,667.4
"Norfolk, MA",25021,443.97
"Berrien, MI",26021,1581.47
"Muskegon, MI",26121,1459.29
"Cass, MN",27021,2414.31
"Pope, MN",27121,717.33
"Claiborne, MS",28021,501.44
"Rankin, MS",28121,806.16
"Buchanan, MO",29021,414.6
"Macon, MO",29121,812.58
"Washington, MO",29221,762.5
"Dawson, MT",30021,2383.23
"Burt, NE",31021,497.12
"Merrick, NE",31121,494.39
"Mineral, NV",32021,3813.17
"Mercer, NJ",34021,228.87
"Harding, NM",35021,2126.1
"Columbia, NY",36021,648.32
"Wyoming, NY",36121,596.48
"Buncombe, NC",37021,660.05
"Mitchell, NC",37121,222.15
"Dickey, ND",38021,1141.76
"Champaign, OH",39021,429.74
"Noble, OH",39121,404.6
"Cherokee, OK",40021,776.45
"Pittsburg, OK",40121,1377.92
"Gilliam, OR",41021,1222.91
"Cambria, PA",42021,693.48
"Venango, PA",42121,683.08
"Cherokee, SC",45021,397.3
"Campbell, SD",46021,771.39
"Todd, SD",46121,1391
"Cheatham, TN",47021,307.16
"Meigs, TN",47121,216.79
"Bastrop, TX",48021,895.99
"Denton, TX",48121,957.72
"Hood, TX",48221,436.82
"Matagorda, TX",48321,1612.33
"Sherman, TX",48421,923.27
"Iron, UT",49021,3302.12
"Rutland, VT",50021,944.43
"Bland, VA",51021,358.74
"Montgomery, VA",51121,389.44
"Franklin, WA",53021,1265.38
"Gilmer, WV",54021,340.09
"Columbia, WI",55021,795.78
"Trempealeau, WI",55121,742.05
"Laramie, WY",56021,2687.82
"Kenai Peninsula, AK",2122,21664.33
"Choctaw, AL",1023,920.91
"Tallapoosa, AL",1123,766.3
"Santa Cruz, AZ",4023,1238.22
"Cleburne, AR",5023,591.95
"St. Francis, AR",5123,642.44
"Humboldt, CA",6023,4052.52
"Costilla, CO",8023,1230.55
"Weld, CO",8123,4021.76
"Columbia, FL",12023,801.12
"Taylor, FL",12123,1232.05
"Bleckley, GA",13023,219.14
"Gilmer, GA",13123,431.85
"Paulding, GA",13223,315.09
"Butte, ID",16023,2233.66
"Clark, IL",17023,504.91
"Marshall, IL",17123,398.53
"Clinton, IN",18023,405.3
"Perry, IN",18123,386.36
"Butler, IA",19023,581.6
"Mahaska, IA",19123,573.45
"Cheyenne, KS",20023,1020.89
"Mitchell, KS",20123,718.65
"Bracken, KY",21023,208.91
"Larue, KY",21123,263.74
"Trimble, KY",21223,156.24
"Cameron, LA",22023,1931.76
"West Carroll, LA",22123,360.35
"Sagadahoc, ME",23023,370.29
"Garrett, MD",24023,656.08
"Plymouth, MA",25023,1093.48
"Branch, MI",26023,519.52
"Newaygo, MI",26123,861.45
"Chippewa, MN",27023,587.85
"Ramsey, MN",27123,170.16
"Clarke, MS",28023,693.46
"Scott, MS",28123,610.43
"Butler, MO",29023,699.01
"Madison, MO",29123,497.64
"Wayne, MO",29223,774.13
"Deer Lodge, MT",30023,741.27
"Butler, NE",31023,584.43
"Morrill, NE",31123,1429.92
"Nye, NV",32023,18159.71
"Middlesex, NJ",34023,322.65
"Hidalgo, NM",35023,3446.2
"Cortland, NY",36023,501.55
"Yates, NY",36123,371.85
"Burke, NC",37023,514.91
"Montgomery, NC",37123,501.1
"Divide, ND",38023,1294.24
"Clark, OH",39023,403.83
"Ottawa, OH",39123,620.41
"Choctaw, OK",40023,800.72
"Pontotoc, OK",40123,725.5
"Grant, OR",41023,4529.53
"Cameron, PA",42023,398.61
"Warren, PA",42123,897.83
"Chester, SC",45023,586.19
"Charles Mix, SD",46023,1150.27
"Tripp, SD",46123,1617.51
"Chester, TN",47023,288.76
"Monroe, TN",47123,652.88
"Baylor, TX",48023,901.08
"DeWitt, TX",48123,910.55
"Hopkins, TX",48223,792.8
"Maverick, TX",48323,1291.84
"Smith, TX",48423,949.55
"Juab, UT",49023,3406.46
"Washington, VT",50023,695.83
"Botetourt, VA",51023,545.98
"Garfield, WA",53023,718.18
"Grant, WV",54023,480.23
"Crawford, WI",55023,599.29
"Vernon, WI",55123,816.5
"Lincoln, WY",56023,4089.23
"Clarke, AL",1025,1252.6
"Tuscaloosa, AL",1125,1352.03
"Yavapai, AZ",4025,8128.33
"Cleveland, AR",5025,598.84
"Saline, AR",5125,730.5
"Imperial, CA",6025,4482.08
"Crowley, CO",8025,800.38
"Yuma, CO",8125,2369.22
"Union, FL",12125,249.72
"Brantley, GA",13025,447.44
"Glascock, GA",13125,144.46
"Peach, GA",13225,151.47
"Camas, ID",16025,1079.06
"Clay, IL",17025,469.87
"Mason, IL",17125,563.41
"Crawford, IN",18025,308.87
"Pike, IN",18125,341.1
"Calhoun, IA",19025,572.33
"Marion, IA",19125,570.58
"Clark, KS",20025,977.27
"Montgomery, KS",20125,651.45
"Breathitt, KY",21025,495.32
"Laurel, KY",21125,443.77
"Union, KY",21225,363.44
"Catahoula, LA",22025,739.5
"West Feliciana, LA",22125,426.05
"Somerset, ME",23025,4095.73
"Harford, MD",24025,526.74
"Suffolk, MA",25025,120.07
"Calhoun, MI",26025,718.49
"Oakland, MI",26125,908.07
"Chisago, MN",27025,442.53
"Red Lake, MN",27125,432.52
"Clay, MS",28025,416.05
"Sharkey, MS",28125,434.92
"Caldwell, MO",29025,429.75
"Maries, MO",29125,530.01
"Webster, MO",29225,593.74
"Fallon, MT",30025,1623.06
"Cass, NE",31025,566.27
"Nance, NE",31125,448.08
"Monmouth, NJ",34025,665.34
"Lea, NM",35025,4394.33
"Delaware, NY",36025,1468.11
"Cabarrus, NC",37025,365.02
"Moore, NC",37125,706.29
"Dunn, ND",38025,2082.38
"Clermont, OH",39025,457.74
"Paulding, OH",39125,418.92
"Cimarron, OK",40025,1841.27
"Pottawatomie, OK",40125,793.39
"Harney, OR",41025,10227.05
"Carbon, PA",42025,388.79
"Washington, PA",42125,861
"Chesterfield, SC",45025,805.84
"Clark, SD",46025,967.88
"Turner, SD",46125,617.5
"Claiborne, TN",47025,441.56
"Montgomery, TN",47125,543.87
"Bee, TX",48025,880.39
"Dickens, TX",48125,905.26
"Houston, TX",48225,1236.93
"Medina, TX",48325,1334.63
"Somervell, TX",48425,191.91
"Kane, UT",49025,4108.6
"Windham, VT",50025,798.18
"Brunswick, VA",51025,569.4
"Nelson, VA",51125,474.34
"Grant, WA",53025,2791.37
"Greenbrier, WV",54025,1024.49
"Dane, WI",55025,1238.43
"Vilas, WI",55125,1017.92
"Natrona, WY",56025,5375.91
"Clay, AL",1027,606.05
"Walker, AL",1127,805.36
"Yuma, AZ",4027,5519.32
"Columbia, AR",5027,766.94
"Scott, AR",5127,898.15
"Inyo, CA",6027,10227.75
"Custer, CO",8027,739.95
"DeSoto, FL",12027,639.55
"Volusia, FL",12127,1432.51
"Brooks, GA",13027,497.81
"Glynn, GA",13127,583.07
"Pickens, GA",13227,232.8
"Canyon, ID",16027,603.52
"Clinton, IL",17027,503.5
"Massac, IL",17127,242.13
"Daviess, IN",18027,436.89
"Porter, IN",18127,521.64
"Carroll, IA",19027,570.27
"Marshall, IA",19127,573.07
"Clay, KS",20027,655.46
"Morris, KS",20127,702.9
"Breckinridge, KY",21027,585.55
"Lawrence, KY",21127,420.16
"Warren, KY",21227,547.72
"Claiborne, LA",22027,767.52
"Winn, LA",22127,956.98
"Waldo, ME",23027,852.81
"Howard, MD",24027,253.56
"Worcester, MA",25027,1579.11
"Cass, MI",26027,508.51
"Oceana, MI",26127,1306.83
"Clay, MN",27027,1052.78
"Redwood, MN",27127,881.28
"Coahoma, MS",28027,583.18
"Simpson, MS",28127,590.57
"Callaway, MO",29027,847.26
"Marion, MO",29127,444.07
"Worth, MO",29227,266.77
"Fergus, MT",30027,4350.51
"Cedar, NE",31027,745.86
"Nemaha, NE",31127,411.91
"Pershing, NV",32027,6067.89
"Morris, NJ",34027,481.36
"Lincoln, NM",35027,4831.64
"Dutchess, NY",36027,825.43
"Caldwell, NC",37027,474.32
"Nash, NC",37127,542.72
"Eddy, ND",38027,644.26
"Clinton, OH",39027,412.31
"Perry, OH",39127,412.62
"Cleveland, OK",40027,558.39
"Pushmataha, OK",40127,1422.86
"Hood River, OR",41027,533.6
"Centre, PA",42027,1111.93
"Wayne, PA",42127,750.59
"Clarendon, SC",45027,695.71
"Clay, SD",46027,416.73
"Union, SD",46127,467.11
"Clay, TN",47027,259.26
"Moore, TN",47127,130.38
"Bell, TX",48027,1087.19
"Dimmit, TX",48127,1334.58
"Howard, TX",48227,904.27
"Menard, TX",48327,902.32
"Starr, TX",48427,1229.38
"Millard, UT",49027,6828.51
"Windsor, VT",50027,976.09
"Buchanan, VA",51027,503.9
"New Kent, VA",51127,223.77
"Grays Harbor, WA",53027,2224.59
"Hampshire, WV",54027,644.67
"Dodge, WI",55027,907.08
"Walworth, WI",55127,576.55
"Niobrara, WY",56027,2627.99
"Los Alamos, NM",35028,109.35
"Cleburne, AL",1029,561.06
"Washington, AL",1129,1088.62
"Conway, AR",5029,566.71
"Searcy, AR",5129,668.56
"Kern, CA",6029,8162.03
"Delta, CO",8029,1148.61
"Dixie, FL",12029,863.71
"Wakulla, FL",12129,735.78
"Bryan, GA",13029,454.54
"Gordon, GA",13129,357.63
"Pierce, GA",13229,343.67
"Caribou, ID",16029,1798.73
"Coles, IL",17029,510.1
"Menard, IL",17129,315.4
"Dearborn, IN",18029,307.08
"Posey, IN",18129,419.47
"Cass, IA",19029,565.03
"Mills, IA",19129,439.7
"Cloud, KS",20029,718.51
"Morton, KS",20129,729.99
"Bullitt, KY",21029,300.21
"Lee, KY",21129,211.23
"Washington, KY",21229,301.54
"Concordia, LA",22029,748.74
"Washington, ME",23029,3255.14
"Kent, MD",24029,414.32
"Charlevoix, MI",26029,1390.87
"Ogemaw, MI",26129,574.67
"Clearwater, MN",27029,1029.85
"Renville, MN",27129,987.27
"Copiah, MS",28029,779.45
"Smith, MS",28129,637.32
"Camden, MO",29029,708.9
"Mercer, MO",29129,455.21
"Wright, MO",29229,683.24
"Flathead, MT",30029,5256.6
"Chase, NE",31029,897.67
"Nuckolls, NE",31129,576
"Storey, NV",32029,263.81
"Ocean, NJ",34029,915.9
"Luna, NM",35029,2965.5
"Erie, NY",36029,1226.97
"Camden, NC",37029,305.72
"New Hanover, NC",37129,327.93
"Emmons, ND",38029,1554.82
"Columbiana, OH",39029,535.22
"Pickaway, OH",39129,506.84
"Coal, OK",40029,521.32
"Roger Mills, OK",40129,1146.53
"Jackson, OR",41029,2801.94
"Chester, PA",42029,759.86
"Westmoreland, PA",42129,1036.46
"Colleton, SC",45029,1132.05
"Codington, SD",46029,717.13
"Walworth, SD",46129,744.25
"Cocke, TN",47029,443.17
"Morgan, TN",47129,522.41
"Bexar, TX",48029,1256.76
"Donley, TX",48129,933.09
"Hudspeth, TX",48229,4572.26
"Midland, TX",48329,902.03
"Stephens, TX",48429,921.55
"Morgan, UT",49029,610.79
"Buckingham, VA",51029,583.6
"Island, WA",53029,517.39
"Hancock, WV",54029,88.36
"Door, WI",55029,2369.94
"Washburn, WI",55129,853.13
"Park, WY",56029,6968.85
"Ketchikan Gateway, AK",2130,1743.55
"Skagway, AK",2230,0
"Buena Vista, VA",51530,6.83
"Fredericksburg, VA",51630,10.52
"Petersburg, VA",51730,23.22
"Williamsburg, VA",51830,8.74
"Coffee, AL",1031,680.52
"Wilcox, AL",1131,907.54
"Craighead, AR",5031,713.03
"Sebastian, AR",5131,546.07
"Kings, CA",6031,1391.58
"Denver, CO",8031,154.88
"Duval, FL",12031,918.28
"Walton, FL",12131,1238.13
"Bulloch, GA",13031,688.92
"Grady, GA",13131,460.37
"Pike, GA",13231,219.45
"Cassia, ID",16031,2580.45
"Cook, IL",17031,1634.89
"Mercer, IL",17131,568.91
"Decatur, IN",18031,373.44
"Pulaski, IN",18131,434.59
"Cedar, IA",19031,582.01
"Mitchell, IA",19131,469.42
"Coffey, KS",20031,654.63
"Nemaha, KS",20131,719.43
"Butler, KY",21031,431.54
"Leslie, KY",21131,404.37
"Wayne, KY",21231,484.22
"De Soto, LA",22031,894.55
"York, ME",23031,1271.44
"Montgomery, MD",24031,506.22
"Cheboygan, MI",26031,885.26
"Ontonagon, MI",26131,3741.37
"Cook, MN",27031,3339.29
"Rice, MN",27131,516.14
"Covington, MS",28031,414.97
"Stone, MS",28131,448.09
"Cape Girardeau, MO",29031,586.33
"Miller, MO",29131,599.98
"Gallatin, MT",30031,2532.73
"Cherry, NE",31031,6009.87
"Otoe, NE",31131,619.12
"Washoe, NV",32031,6551.48
"Passaic, NJ",34031,197.07
"McKinley, NM",35031,5455.62
"Essex, NY",36031,1916.62
"Carteret, NC",37031,1351.57
"Northampton, NC",37131,550.26
"Foster, ND",38031,646.75
"Coshocton, OH",39031,567.61
"Pike, OH",39131,443.98
"Comanche, OK",40031,1083.91
"Rogers, OK",40131,711.49
"Jefferson, OR",41031,1791.27
"Clarion, PA",42031,608.99
"Wyoming, PA",42131,404.82
"Darlington, SC",45031,567.55
"Corson, SD",46031,2529.52
"Coffee, TN",47031,434.49
"Obion, TN",47131,555.38
"Blanco, TX",48031,713.46
"Duval, TX",48131,1795.82
"Hunt, TX",48231,882.09
"Milam, TX",48331,1021.74
"Sterling, TX",48431,923.58
"Piute, UT",49031,765.81
"Campbell, VA",51031,507.28
"Northampton, VA",51131,795.4
"Jefferson, WA",53031,2178.03
"Hardy, WV",54031,584.52
"Douglas, WI",55031,1480.03
"Washington, WI",55131,435.92
"Platte, WY",56031,2111.02
"Colbert, AL",1033,623.66
"Winston, AL",1133,631.9
"Crawford, AR",5033,604.24
"Sevier, AR",5133,581.38
"Lake, CA",6033,1329.59
"Dolores, CO",8033,1068.14
"Escambia, FL",12033,893.94
"Washington, FL",12133,615.84
"Burke, GA",13033,835.06
"Greene, GA",13133,406.28
"Polk, GA",13233,312.16
"Clark, ID",16033,1765.28
"Crawford, IL",17033,445.77
"Monroe, IL",17133,397.73
"DeKalb, IN",18033,363.87
"Putnam, IN",18133,482.61
"Cerro Gordo, IA",19033,575.18
"Monona, IA",19133,698.89
"Comanche, KS",20033,789.75
"Neosho, KS",20133,578.09
"Caldwell, KY",21033,348.2
"Letcher, KY",21133,339.13
"Webster, KY",21233,335.7
"East Baton Rouge, LA",22033,470.59
"Prince George's, MD",24033,499.42
"Chippewa, MI",26033,2698
"Osceola, MI",26133,573.15
"Cottonwood, MN",27033,648.94
"Rock, MN",27133,482.86
"DeSoto, MS",28033,496.82
"Sunflower, MS",28133,707.26
"Carroll, MO",29033,702.35
"Mississippi, MO",29133,428.93
"Garfield, MT",30033,4847.66
"Cheyenne, NE",31033,1196.55
"Pawnee, NE",31133,432.97
"White Pine, NV",32033,8897.17
"Salem, NJ",34033,372.54
"Mora, NM",35033,1933.6
"Franklin, NY",36033,1697.54
"Caswell, NC",37033,428.47
"Onslow, NC",37133,908.46
"Golden Valley, ND",38033,1002.4
"Crawford, OH",39033,402.85
"Portage, OH",39133,507.14
"Cotton, OK",40033,641.99
"Seminole, OK",40133,640.55
"Josephine, OR",41033,1641.66
"Clearfield, PA",42033,1153.87
"York, PA",42133,910.34
"Dillon, SC",45033,406.56
"Custer, SD",46033,1559.22
"Crockett, TN",47033,265.49
"Overton, TN",47133,434.83
"Borden, TX",48033,906.11
"Eastland, TX",48133,931.98
"Hutchinson, TX",48233,895.01
"Mills, TX",48333,749.95
"Stonewall, TX",48433,920.31
"Rich, UT",49033,1086.36
"Caroline, VA",51033,538.94
"Northumberland, VA",51133,285.68
"King, WA",53033,2306.77
"Harrison, WV",54033,416.63
"Dunn, WI",55033,863.96
"Waukesha, WI",55133,580.52
"Sheridan, WY",56033,2527.14
"Conecuh, AL",1035,852.58
"Crittenden, AR",5035,636.73
"Sharp, AR",5135,606.39
"Lassen, CA",6035,4720.61
"Douglas, CO",8035,842.81
"Flagler, FL",12035,570.79
"Butts, GA",13035,190.02
"Gwinnett, GA",13135,436.74
"Pulaski, GA",13235,249.87
"Clearwater, ID",16035,2488.26
"Cumberland, IL",17035,347.02
"Montgomery, IL",17135,709.79
"Delaware, IN",18035,395.95
"Randolph, IN",18135,453.27
"Cherokee, IA",19035,577.38
"Monroe, IA",19135,434.14
"Cowley, KS",20035,1132.67
"Ness, KS",20135,1075.07
"Calloway, KY",21035,410.81
"Lewis, KY",21135,495.73
"Whitley, KY",21235,445.17
"East Carroll, LA",22035,442.49
"Queen Anne's, MD",24035,509.82
"Clare, MI",26035,575.25
"Oscoda, MI",26135,571.6
"Crow Wing, MN",27035,1156.62
"Roseau, MN",27135,1678.48
"Forrest, MS",28035,470.2
"Tallahatchie, MS",28135,652.13
"Carter, MO",29035,509.06
"Moniteau, MO",29135,418.87
"Glacier, MT",30035,3037.12
"Clay, NE",31035,573.56
"Perkins, NE",31135,884.33
"Somerset, NJ",34035,305.07
"Otero, NM",35035,6627.84
"Fulton, NY",36035,532.94
"Catawba, NC",37035,413.52
"Orange, NC",37135,401.15
"Grand Forks, ND",38035,1439.91
"Cuyahoga, OH",39035,1245.62
"Preble, OH",39135,426.35
"Craig, OK",40035,762.78
"Sequoyah, OK",40135,714.93
"Klamath, OR",41035,6136.19
"Clinton, PA",42035,898.12
"Dorchester, SC",45035,576.74
"Davison, SD",46035,436.81
"Yankton, SD",46135,532.66
"Cumberland, TN",47035,684.97
"Perry, TN",47135,422.93
"Bosque, TX",48035,1002.72
"Ector, TX",48135,901.76
"Irion, TX",48235,1051.68
"Mitchell, TX",48335,915.98
"Sutton, TX",48435,1454.52
"Salt Lake, UT",49035,807.83
"Carroll, VA",51035,477.84
"Nottoway, VA",51135,316.13
"Poquoson, VA",51735,78.43
"Kitsap, WA",53035,565.98
"Jackson, WV",54035,471.62
"Eau Claire, WI",55035,645.31
"Waupaca, WI",55135,765.38
"Sublette, WY",56035,4935.97
"Charles City, VA",51036,203.9
"Coosa, AL",1037,666.41
"Cross, AR",5037,622.38
"Stone, AR",5137,609.47
"Los Angeles, CA",6037,4752.32
"Eagle, CO",8037,1691.89
"Franklin, FL",12037,1026.45
"Calhoun, GA",13037,283.59
"Habersham, GA",13137,279.21
"Putnam, GA",13237,360.66
"Custer, ID",16037,4936.92
"DeKalb, IL",17037,635.02
"Morgan, IL",17137,572.29
"Dubois, IN",18037,435.25
"Ripley, IN",18137,447.95
"Chickasaw, IA",19037,505.53
"Montgomery, IA",19137,424.84
"Crawford, KS",20037,595.11
"Norton, KS",20137,881.42
"Campbell, KY",21037,159.44
"Lincoln, KY",21137,336.77
"Wolfe, KY",21237,222.88
"East Feliciana, LA",22037,455.72
"St. Mary's, MD",24037,764.54
"Clinton, MI",26037,574.6
"Otsego, MI",26137,526
"Dakota, MN",27037,586.36
"St. Louis, MN",27137,6860.53
"Franklin, MS",28037,566.78
"Tate, MS",28137,410.98
"Cass, MO",29037,702.73
"Monroe, MO",29137,670.26
"Golden Valley, MT",30037,1176.42
"Colfax, NE",31037,418.61
"Phelps, NE",31137,540.62
"Sussex, NJ",34037,535.96
"Quay, NM",35037,2881.98
"Genesee, NY",36037,495.37
"Chatham, NC",37037,709.18
"Pamlico, NC",37137,566.24
"Grant, ND",38037,1666.02
"Darke, OH",39037,600.38
"Putnam, OH",39137,484.28
"Creek, OK",40037,969.82
"Stephens, OK",40137,891.19
"Lake, OR",41037,8359.03
"Columbia, PA",42037,489.81
"Edgefield, SC",45037,506.56
"Day, SD",46037,1091.29
"Ziebach, SD",46137,1971.21
"Davidson, TN",47037,526.16
"Pickett, TN",47137,174.58
"Bowie, TX",48037,922.83
"Edwards, TX",48137,2120.13
"Jack, TX",48237,920.18
"Montague, TX",48337,938.51
"Swisher, TX",48437,900.74
"San Juan, UT",49037,7933.64
"Charlotte, VA",51037,477.46
"Orange, VA",51137,343.44
"Kittitas, WA",53037,2333.24
"Jefferson, WV",54037,211.59
"Florence, WI",55037,497.52
"Waushara, WI",55137,637.44
"Sweetwater, WY",56037,10491.73
"Covington, AL",1039,1043.95
"Dallas, AR",5039,668.21
"Union, AR",5139,1055.36
"Madera, CA",6039,2153.39
"Elbert, CO",8039,1851.01
"Gadsden, FL",12039,528.51
"Camden, GA",13039,782.52
"Hall, GA",13139,429.21
"Quitman, GA",13239,160.93
"Elmore, ID",16039,3100.69
"De Witt, IL",17039,405.18
"Moultrie, IL",17139,344.48
"Elkhart, IN",18039,467.87
"Rush, IN",18139,408.65
"Clarke, IA",19039,431.75
"Muscatine, IA",19139,449.09
"Decatur, KS",20039,894.23
"Osage, KS",20139,719.29
"Carlisle, KY",21039,199.03
"Livingston, KY",21139,342.22
"Woodford, KY",21239,192
"Evangeline, LA",22039,679.64
"Somerset, MD",24039,610.81
"Crawford, MI",26039,563.41
"Ottawa, MI",26139,1632.12
"Dodge, MN",27039,439.64
"Scott, MN",27139,368.57
"George, MS",28039,483.65
"Tippah, MS",28139,460
"Cedar, MO",29039,498.54
"Montgomery, MO",29139,541.97
"Granite, MT",30039,1733.17
"Cuming, NE",31039,574.58
"Pierce, NE",31139,575.31
"Union, NJ",34039,105.46
"Rio Arriba, NM",35039,5896.53
"Greene, NY",36039,658.19
"Cherokee, NC",37039,466.69
"Pasquotank, NC",37139,289.45
"Griggs, ND",38039,716.21
"Defiance, OH",39039,414.21
"Richland, OH",39139,500.36
"Custer, OK",40039,1002.07
"Texas, OK",40139,2048.97
"Lane, OR",41039,4721.95
"Crawford, PA",42039,1037.82
"Fairfield, SC",45039,709.98
"Deuel, SD",46039,636.75
"Decatur, TN",47039,344.93
"Polk, TN",47139,442.39
"Brazoria, TX",48039,1597.54
"Ellis, TX",48139,951.73
"Jackson, TX",48239,857.1
"Montgomery, TX",48339,1076.91
"Tarrant, TX",48439,897.56
"Sanpete, UT",49039,1602.71
"Page, VA",51139,314.11
"Klickitat, WA",53039,1904.29
"Kanawha, WV",54039,911.07
"Fond du Lac, WI",55039,765.87
"Winnebago, WI",55139,578.75
"Teton, WY",56039,4221.96
"Southeast Fairbanks, AK",2240,26235.44
"Charlottesville, VA",51540,10.26
"Galax, VA",51640,8.07
"Portsmouth, VA",51740,46.62
"Winchester, VA",51840,9.33
"Crenshaw, AL",1041,610.91
"Desha, AR",5041,819.57
"Van Buren, AR",5141,724.36
"Marin, CA",6041,828.22
"El Paso, CO",8041,2129.71
"Gilchrist, FL",12041,355.49
"Hancock, GA",13141,478.8
"Rabun, GA",13241,377.01
"Franklin, ID",16041,668.4
"Douglas, IL",17041,417.44
"Ogle, IL",17141,763.33
"Fayette, IN",18041,215.14
"St. Joseph, IN",18141,460.97
"Clay, IA",19041,572.56
"O'Brien, IA",19141,573.3
"Dickinson, KS",20041,852.66
"Osborne, KS",20141,894.31
"Carroll, KY",21041,137.28
"Logan, KY",21141,557.13
"Franklin, LA",22041,635.48
"Talbot, MD",24041,476.81
"Delta, MI",26041,1991.75
"Presque Isle, MI",26141,2573.22
"Douglas, MN",27041,719.97
"Sherburne, MN",27141,451
"Greene, MS",28041,718.73
"Tishomingo, MS",28141,444.57
"Chariton, MO",29041,768.3
"Morgan, MO",29141,613.94
"Hill, MT",30041,2916.07
"Custer, NE",31041,2576.21
"Platte, NE",31141,689.13
"Warren, NJ",34041,362.78
"Roosevelt, NM",35041,2455.08
"Hamilton, NY",36041,1807.9
"Chowan, NC",37041,233.32
"Pender, NC",37141,932.69
"Hettinger, ND",38041,1133.78
"Delaware, OH",39041,455.99
"Ross, OH",39141,693
"Delaware, OK",40041,792.37
"Tillman, OK",40141,879.29
"Lincoln, OR",41041,1193.89
"Cumberland, PA",42041,551.2
"Florence, SC",45041,803.05
"Dewey, SD",46041,2445.83
"DeKalb, TN",47041,329
"Putnam, TN",47141,402.44
"Brazos, TX",48041,590.35
"El Paso, TX",48141,1014.75
"Jasper, TX",48241,969.68
"Moore, TX",48341,909.68
"Taylor, TX",48441,919.34
"Sevier, UT",49041,1918.41
"Chesterfield, VA",51041,438.43
"Patrick, VA",51141,485.88
"Lewis, WA",53041,2436.43
"Lewis, WV",54041,389.79
"Forest, WI",55041,1046.49
"Wood, WI",55141,809.51
"Uinta, WY",56041,2087.66
"Cullman, AL",1043,754.86
"Drew, AR",5043,835.71
"Washington, AR",5143,956.07
"Mariposa, CA",6043,1462.89
"Fremont, CO",8043,1534.06
"Glades, FL",12043,986.19
"Candler, GA",13043,248.85
"Haralson, GA",13143,283.19
"Randolph, GA",13243,430.92
"Fremont, ID",16043,1895.67
"DuPage, IL",17043,336.87
"Peoria, IL",17143,630.91
"Floyd, IN",18043,148.33
"Scott, IN",18143,192.74
"Clayton, IA",19043,792.85
"Osceola, IA",19143,399.52
"Doniphan, KS",20043,397.1
"Ottawa, KS",20143,721.94
"Carter, KY",21043,412.17
"Lyon, KY",21143,256.47
"Grant, LA",22043,664.6
"Washington, MD",24043,467.57
"Dickinson, MI",26043,777.2
"Roscommon, MI",26143,579.86
"Faribault, MN",27043,721.64
"Sibley, MN",27143,600.39
"Grenada, MS",28043,449.41
"Tunica, MS",28143,480.82
"Christian, MO",29043,564.09
"New Madrid, MO",29143,698.07
"Jefferson, MT",30043,1658.89
"Dakota, NE",31043,267.41
"Polk, NE",31143,441.13
"Sandoval, NM",35043,3714.65
"Herkimer, NY",36043,1458.46
"Clay, NC",37043,220.6
"Perquimans, NC",37143,328.95
"Kidder, ND",38043,1433.3
"Erie, OH",39043,625.78
"Sandusky, OH",39143,417.8
"Dewey, OK",40043,1008.34
"Tulsa, OK",40143,587.05
"Linn, OR",41043,2309.3
"Dauphin, PA",42043,557.57
"Georgetown, SC",45043,1035.09
"Douglas, SD",46043,434.16
"Dickson, TN",47043,491.34
"Rhea, TN",47143,336.4
"Brewster, TX",48043,6193.22
"Erath, TX",48143,1089.88
"Jeff Davis, TX",48243,2264.77
"Morris, TX",48343,258.65
"Terrell, TX",48443,2357.94
"Summit, UT",49043,1882.15
"Clarke, VA",51043,178.2
"Pittsylvania, VA",51143,978.21
"Lincoln, WA",53043,2339.74
"Lincoln, WV",54043,438.61
"Grant, WI",55043,1183.44
"Washakie, WY",56043,2242.85
"Dale, AL",1045,562.72
"Faulkner, AR",5045,664.05
"White, AR",5145,1042.43
"Mendocino, CA",6045,3878.5
"Garfield, CO",8045,2956.08
"Gulf, FL",12045,755.78
"Carroll, GA",13045,503.86
"Harris, GA",13145,472.97
"Richmond, GA",13245,328.5
"Gem, ID",16045,565.77
"Edgar, IL",17045,624.22
"Perry, IL",17145,446.84
"Fountain, IN",18045,397.95
"Shelby, IN",18145,413.14
"Clinton, IA",19045,710.26
"Page, IA",19145,535.38
"Douglas, KS",20045,474.5
"Pawnee, KS",20145,754.6
"Casey, KY",21045,445.75
"McCracken, KY",21145,268.1
"Iberia, LA",22045,1030.94
"Wicomico, MD",24045,399.81
"Eaton, MI",26045,579.07
"Saginaw, MI",26145,815.82
"Fillmore, MN",27045,862.19
"Stearns, MN",27145,1389.99
"Hancock, MS",28045,552.56
"Union, MS",28145,416.91
"Clark, MO",29045,511.93
"Newton, MO",29145,626.72
"Judith Basin, MT",30045,1870.75
"Dawes, NE",31045,1400.9
"Red Willow, NE",31145,718.1
"San Juan, NM",35045,5538.71
"Jefferson, NY",36045,1857.35
"Cleveland, NC",37045,468.31
"Person, NC",37145,404.1
"LaMoure, ND",38045,1150.86
"Fairfield, OH",39045,508.58
"Scioto, OH",39145,616.12
"Ellis, OK",40045,1231.94
"Wagoner, OK",40145,591.01
"Malheur, OR",41045,9930.51
"Delaware, PA",42045,190.77
"Greenville, SC",45045,797.01
"Edmunds, SD",46045,1151.23
"Dyer, TN",47045,526.52
"Roane, TN",47145,394.99
"Briscoe, TX",48045,901.64
"Falls, TX",48145,773.86
"Jefferson, TX",48245,1111.32
"Motley, TX",48345,989.87
"Terry, TX",48445,890.96
"Tooele, UT",49045,7287.73
"Craig, VA",51045,330.07
"Powhatan, VA",51145,262.42
"Mason, WA",53045,1051.09
"Logan, WV",54045,455.63
"Green, WI",55045,584.62
"Weston, WY",56045,2400.13
"Dallas, AL",1047,993.46
"Franklin, AR",5047,619.72
"Woodruff, AR",5147,594.09
"Merced, CA",6047,1972.02
"Gilpin, CO",8047,150.26
"Hamilton, FL",12047,519.35
"Catoosa, GA",13047,162.67
"Hart, GA",13147,256.43
"Rockdale, GA",13247,132.13
"Gooding, ID",16047,733.89
"Edwards, IL",17047,222.67
"Piatt, IL",17147,440.35
"Franklin, IN",18047,391.36
"Spencer, IN",18147,401.26
"Crawford, IA",19047,715.04
"Palo Alto, IA",19147,569.45
"Edwards, KS",20047,622.13
"Phillips, KS",20147,894.84
"Christian, KY",21047,724.05
"McCreary, KY",21147,430.67
"Iberville, LA",22047,652.88
"Worcester, MD",24047,694.78
"Emmet, MI",26047,882.33
"St. Clair, MI",26147,832.55
"Freeborn, MN",27047,722.66
"Steele, MN",27147,432.18
"Harrison, MS",28047,976.18
"Walthall, MS",28147,404.47
"Clay, MO",29047,409.16
"Nodaway, MO",29147,877.81
"Lake, MT",30047,1653.75
"Dawson, NE",31047,1019.34
"Richardson, NE",31147,555.98
"San Miguel, NM",35047,4736
"Kings, NY",36047,96.87
"Columbus, NC",37047,953.64
"Pitt, NC",37147,654.81
"Logan, ND",38047,1011.14
"Fayette, OH",39047,407.11
"Seneca, OH",39147,552.41
"Garfield, OK",40047,1060
"Washington, OK",40147,424.19
"Marion, OR",41047,1195.2
"Elk, PA",42047,832.27
"Greenwood, SC",45047,462.95
"Fall River, SD",46047,1749.24
"Fayette, TN",47047,706.27
"Robertson, TN",47147,476.72
"Brooks, TX",48047,943.67
"Fannin, TX",48147,899.23
"Jim Hogg, TX",48247,1136.24
"Nacogdoches, TX",48347,981.41
"Throckmorton, TX",48447,915.54
"Uintah, UT",49047,4499.21
"Culpeper, VA",51047,382.32
"Prince Edward, VA",51147,353.87
"Okanogan, WA",53047,5315.38
"McDowell, WV",54047,534.94
"Green Lake, WI",55047,380.46
"DeKalb, AL",1049,778.71
"Fulton, AR",5049,620.36
"Yell, AR",5149,948.89
"Modoc, CA",6049,4203.62
"Grand, CO",8049,1869.7
"Hardee, FL",12049,638.38
"Charlton, GA",13049,783.01
"Heard, GA",13149,301.11
"Schley, GA",13249,167.83
"Idaho, ID",16049,8502.78
"Effingham, IL",17049,479.93
"Pike, IL",17149,848.92
"Fulton, IN",18049,371.39
"Starke, IN",18149,312.33
"Dallas, IA",19049,591.77
"Plymouth, IA",19149,864.02
"Elk, KS",20049,650.41
"Pottawatomie, KS",20149,862.12
"Clark, KY",21049,255.18
"McLean, KY",21149,256.19
"Jackson, LA",22049,580.38
"Genesee, MI",26049,649.37
"St. Joseph, MI",26149,521.18
"Goodhue, MN",27049,780.47
"Stevens, MN",27149,575.27
"Hinds, MS",28049,877.41
"Warren, MS",28149,618.82
"Clinton, MO",29049,423.5
"Oregon, MO",29149,791.65
"Lewis and Clark, MT",30049,3497.63
"Deuel, NE",31049,440.83
"Rock, NE",31149,1011.91
"Santa Fe, NM",35049,1910.95
"Lewis, NY",36049,1289.99
"Craven, NC",37049,761.82
"Polk, NC",37149,238.58
"McHenry, ND",38049,1911.83
"Franklin, OH",39049,543.35
"Shelby, OH",39149,411.06
"Garvin, OK",40049,813.73
"Washita, OK",40149,1009.14
"Morrow, OR",41049,2048.68
"Erie, PA",42049,1558.49
"Hampton, SC",45049,562.72
"Faulk, SD",46049,1005.77
"Fentress, TN",47049,499
"Rutherford, TN",47149,624
"Brown, TX",48049,957.03
"Fayette, TX",48149,959.92
"Jim Wells, TX",48249,868.3
"Navarro, TX",48349,1086.27
"Titus, TX",48449,425.72
"Utah, UT",49049,2141.06
"Cumberland, VA",51049,299.76
"Prince George, VA",51149,281.55
"Pacific, WA",53049,1223.58
"Marion, WV",54049,311.51
"Iowa, WI",55049,768.16
"Bethel, AK",2050,45954.59
"Kodiak Island, AK",2150,11845.9
"Chesapeake, VA",51550,350.92
"Hampton, VA",51650,128.56
"Radford, VA",51750,10.19
"Elmore, AL",1051,657.26
"Garland, AR",5051,734.61
"Mono, CA",6051,3131.89
"Gunnison, CO",8051,3259.94
"Hendry, FL",12051,1189.89
"Chatham, GA",13051,646.32
"Henry, GA",13151,324.49
"Screven, GA",13251,655.66
"Jefferson, ID",16051,1105.62
"Fayette, IL",17051,725.39
"Pope, IL",17151,374.65
"Gibson, IN",18051,499.08
"Steuben, IN",18151,322.5
"Davis, IA",19051,504.93
"Pocahontas, IA",19151,579.17
"Ellis, KS",20051,900.52
"Pratt, KS",20151,735.79
"Clay, KY",21051,471.09
"Madison, KY",21151,443.14
"Jefferson, LA",22051,642.42
"Gladwin, MI",26051,516.46
"Sanilac, MI",26151,1590.64
"Grant, MN",27051,575.21
"Swift, MN",27151,752.39
"Holmes, MS",28051,764.24
"Washington, MS",28151,761.31
"Cole, MO",29051,399.11
"Osage, MO",29151,613.44
"Liberty, MT",30051,1447.18
"Dixon, NE",31051,482.75
"Saline, NE",31151,576.08
"Sierra, NM",35051,4236.59
"Livingston, NY",36051,640.49
"Cumberland, NC",37051,658.5
"Randolph, NC",37151,789.97
"McIntosh, ND",38051,995.12
"Fulton, OH",39051,407.36
"Stark, OH",39151,580.94
"Grady, OK",40051,1105.38
"Woods, OK",40151,1290.14
"Multnomah, OR",41051,465.7
"Fayette, PA",42051,797.99
"Horry, SC",45051,1255
"Grant, SD",46051,687.95
"Franklin, TN",47051,574.37
"Scott, TN",47151,533.25
"Burleson, TX",48051,677.83
"Fisher, TX",48151,901.82
"Johnson, TX",48251,734.43
"Newton, TX",48351,939.57
"Tom Green, TX",48451,1540.63
"Wasatch, UT",49051,1209.24
"Dickenson, VA",51051,334.57
"Pend Oreille, WA",53051,1425.34
"Marshall, WV",54051,312.2
"Iron, WI",55051,919.29
"Escambia, AL",1053,953.04
"Grant, AR",5053,633.06
"Monterey, CA",6053,3771.11
"Hinsdale, CO",8053,1123.22
"Hernando, FL",12053,589.12
"Chattahoochee, GA",13053,251.19
"Houston, GA",13153,379.87
"Seminole, GA",13253,256.58
"Jerome, ID",16053,601.91
"Ford, IL",17053,486.44
"Pulaski, IL",17153,203.34
"Grant, IN",18053,414.84
"Sullivan, IN",18153,454.08
"Decatur, IA",19053,533.36
"Polk, IA",19153,591.94
"Ellsworth, KS",20053,723.47
"Rawlins, KS",20153,1069.79
"Clinton, KY",21053,205.55
"Magoffin, KY",21153,309.46
"Jefferson Davis, LA",22053,658.62
"Gogebic, MI",26053,1476.54
"Schoolcraft, MI",26153,1883.79
"Hennepin, MN",27053,606.43
"Todd, MN",27153,979.39
"Humphreys, MS",28053,431.2
"Wayne, MS",28153,813.54
"Cooper, MO",29053,570.25
"Ozark, MO",29153,755.13
"Lincoln, MT",30053,3675.22
"Dodge, NE",31053,543.98
"Sarpy, NE",31153,247.29
"Socorro, NM",35053,6649.06
"Madison, NY",36053,661.56
"Currituck, NC",37053,525.68
"Richmond, NC",37153,479.64
"McKenzie, ND",38053,2861.05
"Gallia, OH",39053,471.16
"Summit, OH",39153,420.1
"Grant, OK",40053,1003.67
"Woodward, OK",40153,1246.09
"Polk, OR",41053,744.21
"Forest, PA",42053,431.42
"Jasper, SC",45053,685.84
"Gregory, SD",46053,1053.51
"Gibson, TN",47053,603.64
"Sequatchie, TN",47153,266.04
"Burnet, TX",48053,1020.18
"Floyd, TX",48153,992.57
"Jones, TX",48253,937.21
"Nolan, TX",48353,914.01
"Travis, TX",48453,1022.19
"Washington, UT",49053,2430.07
"Dinwiddie, VA",51053,507.04
"Prince William, VA",51153,349.05
"Pierce, WA",53053,1806.67
"Mason, WV",54053,444.84
"Jackson, WI",55053,1000.08
"Etowah, AL",1055,548.81
"Greene, AR",5055,579.69
"Napa, CA",6055,788.34
"Huerfano, CO",8055,1593.36
"Highlands, FL",12055,1106.36
"Chattooga, GA",13055,313.97
"Irwin, GA",13155,362.75
"Spalding, GA",13255,199.61
"Kootenai, ID",16055,1315.77
"Franklin, IL",17055,431.42
"Putnam, IL",17155,172.25
"Greene, IN",18055,545.95
"Switzerland, IN",18155,223.54
"Delaware, IA",19055,579.08
"Pottawattamie, IA",19155,960.01
"Finney, KS",20055,1302.69
"Reno, KS",20155,1271.33
"Crittenden, KY",21055,370.97
"Marion, KY",21155,346.89
"Lafayette, LA",22055,270.32
"Grand Traverse, MI",26055,601.17
"Shiawassee, MI",26155,540.78
"Houston, MN",27055,568.95
"Traverse, MN",27155,586
"Issaquena, MS",28055,441.4
"Webster, MS",28155,423.38
"Crawford, MO",29055,743.82
"Pemiscot, MO",29155,512.44
"McCone, MT",30055,2682.84
"Douglas, NE",31055,339.65
"Saunders, NE",31155,758.91
"Taos, NM",35055,2204.77
"Monroe, NY",36055,1365.95
"Dare, NC",37055,1561.59
"Robeson, NC",37155,951.07
"McLean, ND",38055,2328.27
"Geauga, OH",39055,408.71
"Trumbull, OH",39155,634.08
"Greer, OK",40055,643.71
"Sherman, OR",41055,831.29
"Franklin, PA",42055,772.69
"Kershaw, SC",45055,740.31
"Haakon, SD",46055,1827.37
"Giles, TN",47055,611.22
"Sevier, TN",47155,597.77
"Caldwell, TX",48055,547.46
"Foard, TX",48155,707.74
"Karnes, TX",48255,753.58
"Nueces, TX",48355,1166.58
"Trinity, TX",48455,714.05
"Wayne, UT",49055,2466.61
"Pulaski, VA",51155,329.6
"San Juan, WA",53055,621.09
"Mercer, WV",54055,420.71
"Jefferson, WI",55055,582.8
"Fayette, AL",1057,629.38
"Hempstead, AR",5057,741.42
"Nevada, CA",6057,974.54
"Jackson, CO",8057,1621.05
"Hillsborough, FL",12057,1266.36
"Cherokee, GA",13057,434.03
"Jackson, GA",13157,343.02
"Stephens, GA",13257,184.24
"Latah, ID",16057,1076.94
"Fulton, IL",17057,882.66
"Randolph, IL",17157,597.29
"Hamilton, IN",18057,402.75
"Tippecanoe, IN",18157,503.12
"Des Moines, IA",19057,429.83
"Poweshiek, IA",19157,586.22
"Ford, KS",20057,1099.35
"Republic, KS",20157,720.36
"Cumberland, KY",21057,310.87
"Marshall, KY",21157,340.33
"Lafourche, LA",22057,1472.3
"Gratiot, MI",26057,571.64
"Tuscola, MI",26157,913.83
"Hubbard, MN",27057,999.44
"Wabasha, MN",27157,549.85
"Itawamba, MS",28057,540.46
"Wilkinson, MS",28157,687.71
"Dade, MO",29057,506.34
"Perry, MO",29157,484.3
"Madison, MT",30057,3602.93
"Dundy, NE",31057,920.84
"Scotts Bluff, NE",31157,745.57
"Torrance, NM",35057,3346.1
"Montgomery, NY",36057,410.35
"Davidson, NC",37057,566.81
"Rockingham, NC",37157,572.35
"Mercer, ND",38057,1112.49
"Greene, OH",39057,416.24
"Tuscarawas, OH",39157,571.53
"Harmon, OK",40057,538.6
"Tillamook, OR",41057,1332.86
"Fulton, PA",42057,438.06
"Lancaster, SC",45057,555.32
"Hamlin, SD",46057,537.99
"Grainger, TN",47057,302.46
"Shelby, TN",47157,783.69
"Calhoun, TX",48057,1032.24
"Fort Bend, TX",48157,886.11
"Kaufman, TX",48257,806.87
"Ochiltree, TX",48357,918.14
"Tyler, TX",48457,935.77
"Weber, UT",49057,659.49
"Essex, VA",51057,285.92
"Rappahannock, VA",51157,266.86
"Skagit, WA",53057,1920.49
"Mineral, WV",54057,329.16
"Juneau, WI",55057,804.22
"Franklin, AL",1059,646.55
"Hot Spring, AR",5059,622.2
"Orange, CA",6059,947.91
"Jefferson, CO",8059,778.2
"Holmes, FL",12059,488.75
"Clarke, GA",13059,121.29
"Jasper, GA",13159,373.6
"Stewart, GA",13259,463.26
"Lemhi, ID",16059,4569.68
"Gallatin, IL",17059,328.42
"Richland, IL",17159,362.03
"Hancock, IN",18059,306.75
"Tipton, IN",18159,260.43
"Dickinson, IA",19059,403.71
"Ringgold, IA",19159,538.96
"Franklin, KS",20059,576.7
"Rice, KS",20159,728.33
"Daviess, KY",21059,476.3
"Martin, KY",21159,230.83
"La Salle, LA",22059,662.42
"Hillsdale, MI",26059,607.18
"Van Buren, MI",26159,1090.28
"Isanti, MN",27059,451.9
"Wadena, MN",27159,543.02
"Jackson, MS",28059,1043.36
"Winston, MS",28159,610.15
"Dallas, MO",29059,542.87
"Pettis, MO",29159,686.38
"Meagher, MT",30059,2394.87
"Fillmore, NE",31059,576.66
"Seward, NE",31159,575.74
"Union, NM",35059,3831
"Nassau, NY",36059,453.32
"Davie, NC",37059,266.89
"Rowan, NC",37159,523.89
"Morton, ND",38059,1945.39
"Guernsey, OH",39059,528.33
"Union, OH",39159,437
"Harper, OK",40059,1041.02
"Umatilla, OR",41059,3231.34
"Greene, PA",42059,577.99
"Laurens, SC",45059,722.02
"Hand, SD",46059,1440.34
"Greene, TN",47059,624.27
"Smith, TN",47159,325.38
"Callahan, TX",48059,901.34
"Franklin, TX",48159,294.79
"Kendall, TX",48259,663.1
"Oldham, TX",48359,1501.53
"Upshur, TX",48459,592.72
"Fairfax, VA",51059,406.81
"Richmond, VA",51159,216.4
"Skamania, WA",53059,1683.95
"Mingo, WV",54059,423.66
"Kenosha, WI",55059,754.36
"Bristol Bay, AK",2060,917.61
"Clifton Forge, VA",51560,3.1
"Harrisonburg, VA",51660,17.59
"Richmond, VA",51760,62.61
"Geneva, AL",1061,578.96
"Valdez-Cordova, AK",2261,43515.67
"Howard, AR",5061,595.24
"Placer, CA",6061,1500.24
"Kiowa, CO",8061,1785.87
"Indian River, FL",12061,616.97
"Clay, GA",13061,217.01
"Jeff Davis, GA",13161,335.46
"Sumter, GA",13261,492.58
"Lewis, ID",16061,479.83
"Greene, IL",17061,546.37
"Rock Island, IL",17161,451.19
"Harrison, IN",18061,486.91
"Union, IN",18161,165.26
"Dubuque, IA",19061,616.63
"Sac, IA",19161,578.42
"Geary, KS",20061,403.95
"Riley, KS",20161,622.15
"Edmonson, KY",21061,308.03
"Mason, KY",21161,246.62
"Lincoln, LA",22061,472.3
"Houghton, MI",26061,1501.63
"Washtenaw, MI",26161,722.59
"Itasca, MN",27061,2927.91
"Waseca, MN",27161,432.82
"Jasper, MS",28061,677.49
"Yalobusha, MS",28161,495.03
"Daviess, MO",29061,569.12
"Phelps, MO",29161,674.32
"Mineral, MT",30061,1223.43
"Franklin, NE",31061,576.13
"Sheridan, NE",31161,2470.12
"Valencia, NM",35061,1068.29
"New York, NY",36061,33.68
"Duplin, NC",37061,819.15
"Rutherford, NC",37161,565.98
"Mountrail, ND",38061,1941.16
"Hamilton, OH",39061,412.81
"Van Wert, OH",39161,410.51
"Haskell, OK",40061,625.29
"Union, OR",41061,2038.4
"Huntingdon, PA",42061,890.3
"Lee, SC",45061,411.33
"Hanson, SD",46061,435.67
"Grundy, TN",47061,361.17
"Stewart, TN",47161,493.22
"Cameron, TX",48061,1276.42
"Freestone, TX",48161,892.2
"Kenedy, TX",48261,1945.6
"Orange, TX",48361,379.56
"Upton, TX",48461,1241.93
"Fauquier, VA",51061,651.83
"Roanoke, VA",51161,250.84
"Snohomish, WA",53061,2196.53
"Monongalia, WV",54061,365.91
"Kewaunee, WI",55061,1084.61
"Greene, AL",1063,659.99
"Independence, AR",5063,771.64
"Plumas, CA",6063,2613.75
"Kit Carson, CO",8063,2161.71
"Jackson, FL",12063,954.67
"Clayton, GA",13063,144.29
"Jefferson, GA",13163,529.6
"Talbot, GA",13263,394.77
"Lincoln, ID",16063,1205.92
"Grundy, IL",17063,430.44
"St. Clair, IL",17163,673.99
"Hendricks, IN",18063,408.9
"Vanderburgh, IN",18163,235.76
"Emmet, IA",19063,402.4
"Scott, IA",19163,468.2
"Gove, KS",20063,1071.55
"Rooks, KS",20163,895.4
"Elliott, KY",21063,235.22
"Meade, KY",21163,324.24
"Livingston, LA",22063,702.89
"Huron, MI",26063,2137.25
"Wayne, MI",26163,672.26
"Jackson, MN",27063,719.51
"Washington, MN",27163,423.19
"Jefferson, MS",28063,527.24
"Yazoo, MS",28163,934.2
"DeKalb, MO",29063,425.8
"Pike, MO",29163,684.84
"Missoula, MT",30063,2618.39
"Frontier, NE",31063,980.11
"Sherman, NE",31163,571.66
"Niagara, NY",36063,1139.89
"Durham, NC",37063,298.12
"Sampson, NC",37163,947.51
"Nelson, ND",38063,1008.8
"Hancock, OH",39063,533.64
"Vinton, OH",39163,414.99
"Hughes, OK",40063,814.69
"Wallowa, OR",41063,3151.78
"Indiana, PA",42063,834.35
"Lexington, SC",45063,759.49
"Harding, SD",46063,2677.64
"Hamblen, TN",47063,175.78
"Sullivan, TN",47163,429.71
"Camp, TX",48063,203.21
"Frio, TX",48163,1134.39
"Kent, TX",48263,902.97
"Palo Pinto, TX",48363,985.56
"Uvalde, TX",48463,1558.71
"Floyd, VA",51063,381.49
"Rockbridge, VA",51163,601.02
"Spokane, WA",53063,1780.82
"Monroe, WV",54063,473.68
"La Crosse, WI",55063,479.96
"Lake and Peninsula, AK",2164,29008.24
"Hale, AL",1065,656.52
"Izard, AR",5065,584.07
"Riverside, CA",6065,7303.81
"Lake, CO",8065,383.93
"Jefferson, FL",12065,636.68
"Clinch, GA",13065,824.24
"Jenkins, GA",13165,352.48
"Taliaferro, GA",13265,195.48
"Madison, ID",16065,473.39
"Hamilton, IL",17065,435.86
"Saline, IL",17165,386.99
"Henry, IN",18065,394.93
"Vermillion, IN",18165,259.95
"Fayette, IA",19065,731.47
"Shelby, IA",19165,591.4
"Graham, KS",20065,898.72
"Rush, KS",20165,718.45
"Estill, KY",21065,255.72
"Menifee, KY",21165,206.04
"Madison, LA",22065,650.59
"Ingham, MI",26065,560.98
"Wexford, MI",26165,575.88
"Kanabec, MN",27065,533.41
"Watonwan, MN",27165,439.93
"Jefferson Davis, MS",28065,409.14
"Dent, MO",29065,754.56
"Platte, MO",29165,427.26
"Musselshell, MT",30065,1870.94
"Furnas, NE",31065,720.53
"Sioux, NE",31165,2067.43
"Oneida, NY",36065,1257.16
"Edgecombe, NC",37065,506.61
"Scotland, NC",37165,320.65
"Oliver, ND",38065,731.23
"Hardin, OH",39065,470.55
"Warren, OH",39165,407.14
"Jackson, OK",40065,804.22
"Wasco, OR",41065,2395.46
"Jefferson, PA",42065,656.91
"McCormick, SC",45065,393.89
"Hughes, SD",46065,800.35
"Hamilton, TN",47065,575.76
"Sumner, TN",47165,543.16
"Carson, TX",48065,924.15
"Gaines, TX",48165,1502.91
"Kerr, TX",48265,1107.76
"Panola, TX",48365,821.39
"Val Verde, TX",48465,3232.7
"Fluvanna, VA",51065,290.23
"Rockingham, VA",51165,853.35
"Stevens, WA",53065,2540.66
"Morgan, WV",54065,229.69
"Lafayette, WI",55065,634.62
"Henry, AL",1067,568.38
"Jackson, AR",5067,641.5
"Sacramento, CA",6067,995.65
"La Plata, CO",8067,1700.03
"Lafayette, FL",12067,547.96
"Cobb, GA",13067,344.54
"Johnson, GA",13167,306.54
"Tattnall, GA",13267,488.27
"Minidoka, ID",16067,763.03
"Hancock, IL",17067,814.58
"Sangamon, IL",17167,877.11
"Howard, IN",18067,293.94
"Vigo, IN",18167,410.5
"Floyd, IA",19067,501.33
"Sioux, IA",19167,768.65
"Grant, KS",20067,575.1
"Russell, KS",20167,899.03
"Fayette, KY",21067,285.53
"Mercer, KY",21167,253.13
"Morehouse, LA",22067,805.26
"Ionia, MI",26067,580.26
"Kandiyohi, MN",27067,862.01
"Wilkin, MN",27167,751.67
"Jones, MS",28067,699.79
"Douglas, MO",29067,814.67
"Polk, MO",29167,642.51
"Park, MT",30067,2666.73
"Gage, NE",31067,859.99
"Stanton, NE",31167,431.08
"Onondaga, NY",36067,805.73
"Forsyth, NC",37067,412.91
"Stanly, NC",37167,404.3
"Pembina, ND",38067,1121.78
"Harrison, OH",39067,410.81
"Washington, OH",39167,640.18
"Jefferson, OK",40067,773.88
"Washington, OR",41067,726.43
"Juniata, PA",42067,393.61
"Marion, SC",45067,494.11
"Hutchinson, SD",46067,814.45
"Hancock, TN",47067,223.51
"Tipton, TN",47167,474.76
"Cass, TX",48067,960.41
"Galveston, TX",48167,876.46
"Kimble, TX",48267,1251.02
"Parker, TX",48367,910.15
"Van Zandt, TX",48467,859.56
"Franklin, VA",51067,711.6
"Russell, VA",51167,476.78
"Thurston, WA",53067,773.68
"Nicholas, WV",54067,654.45
"Langlade, WI",55067,887.95
"Denali, AK",2068,0
"Houston, AL",1069,581.71
"Jefferson, AR",5069,913.75
"San Benito, CA",6069,1390.81
"Larimer, CO",8069,2634
"Lake, FL",12069,1156.51
"Coffee, GA",13069,602.67
"Jones, GA",13169,395.41
"Taylor, GA",13269,379.65
"Nez Perce, ID",16069,856.4
"Hardin, IL",17069,181.54
"Schuyler, IL",17169,441.43
"Huntington, IN",18069,387.95
"Wabash, IN",18169,421.1
"Franklin, IA",19069,583.06
"Story, IA",19169,573.73
"Gray, KS",20069,869.39
"Saline, KS",20169,721.32
"Fleming, KY",21069,351.49
"Metcalfe, KY",21169,290.98
"Natchitoches, LA",22069,1299.38
"Iosco, MI",26069,1890.72
"Kittson, MN",27069,1103.54
"Winona, MN",27169,641.63
"Kemper, MS",28069,767.05
"Dunklin, MO",29069,547.14
"Pulaski, MO",29169,551.44
"Petroleum, MT",30069,1674.05
"Garden, NE",31069,1731.15
"Thayer, NE",31169,575.36
"Ontario, NY",36069,662.46
"Franklin, NC",37069,494.14
"Stokes, NC",37169,455.9
"Pierce, ND",38069,1082.26
"Henry, OH",39069,420
"Wayne, OH",39169,556.34
"Johnston, OK",40069,658.33
"Wheeler, OR",41069,1715.55
"Lackawanna, PA",42069,464.57
"Marlboro, SC",45069,485.3
"Hyde, SD",46069,866.66
"Hardeman, TN",47069,670.44
"Trousdale, TN",47169,116.65
"Castro, TX",48069,899.39
"Garza, TX",48169,896.25
"King, TX",48269,913.38
"Parmer, TX",48369,885.23
"Victoria, TX",48469,888.81
"Frederick, VA",51069,415.66
"Scott, VA",51169,538.66
"Wahkiakum, WA",53069,286.7
"Ohio, WV",54069,108.86
"Lincoln, WI",55069,906.97
"Dillingham, AK",2070,20613.12
"Matanuska-Susitna, AK",2170,25232.41
"Wade Hampton, AK",2270,19680.08
"Colonial Heights, VA",51570,7.79
"Hopewell, VA",51670,10.72
"Roanoke, VA",51770,42.93
"Jackson, AL",1071,1126.82
"Johnson, AR",5071,682.78
"San Bernardino, CA",6071,20106.39
"Las Animas, CO",8071,4775.74
"Lee, FL",12071,1212
"Colquitt, GA",13071,556.59
"Lamar, GA",13171,185.81
"Telfair, GA",13271,444.12
"Oneida, ID",16071,1201.69
"Henderson, IL",17071,395.15
"Scott, IL",17171,252.79
"Jackson, IN",18071,513.79
"Warren, IN",18171,366.63
"Fremont, IA",19071,516.79
"Tama, IA",19171,722.42
"Greeley, KS",20071,778.05
"Scott, KS",20171,717.7
"Floyd, KY",21071,395.49
"Monroe, KY",21171,332.13
"Orleans, LA",22071,350.23
"Iron, MI",26071,1211.16
"Koochiching, MN",27071,3154.35
"Wright, MN",27171,714.42
"Lafayette, MS",28071,679.33
"Franklin, MO",29071,929.64
"Putnam, MO",29171,519.7
"Phillips, MT",30071,5212.22
"Garfield, NE",31071,571.36
"Thomas, NE",31171,713.69
"Orange, NY",36071,838.58
"Gaston, NC",37071,363.85
"Surry, NC",37171,537.81
"Ramsey, ND",38071,1300.93
"Highland, OH",39071,557.89
"Williams, OH",39171,423.08
"Kay, OK",40071,945.2
"Yamhill, OR",41071,718.41
"Lancaster, PA",42071,983.9
"Newberry, SC",45071,647.32
"Jackson, SD",46071,1871.41
"Hardin, TN",47071,596.36
"Unicoi, TN",47171,186.49
"Chambers, TX",48071,868.59
"Gillespie, TX",48171,1061.58
"Kinney, TX",48271,1365.4
"Pecos, TX",48371,4765.11
"Walker, TX",48471,801.51
"Giles, VA",51071,360.97
"Shenandoah, VA",51171,512.56
"Walla Walla, WA",53071,1299.23
"Pendleton, WV",54071,698.21
"Manitowoc, WI",55071,1493.85
"Jefferson, AL",1073,1123.87
"Lafayette, AR",5073,545.11
"San Diego, CA",6073,4525.92
"Lincoln, CO",8073,2586.56
"Leon, FL",12073,701.83
"Columbia, GA",13073,307.8
"Lanier, GA",13173,199.84
"Terrell, GA",13273,337.65
"Owyhee, ID",16073,7697.11
"Henry, IL",17073,825.64
"Shelby, IL",17173,768.09
"Jasper, IN",18073,561.26
"Warrick, IN",18173,390.87
"Greene, IA",19073,571.16
"Taylor, IA",19173,534.85
"Greenwood, KS",20073,1152.66
"Sedgwick, KS",20173,1009.48
"Franklin, KY",21073,212.13
"Montgomery, KY",21173,198.82
"Ouachita, LA",22073,632.76
"Isabella, MI",26073,577.78
"Lac qui Parle, MN",27073,778.09
"Yellow Medicine, MN",27173,763.42
"Lamar, MS",28073,500.52
"Gasconade, MO",29073,524.53
"Ralls, MO",29173,483.84
"Pondera, MT",30073,1639.83
"Gosper, NE",31073,462.77
"Thurston, NE",31173,396.27
"Orleans, NY",36073,817.53
"Gates, NC",37073,345.63
"Swain, NC",37173,540.65
"Ransom, ND",38073,864.18
"Hocking, OH",39073,423.62
"Wood, OH",39173,620.58
"Kingfisher, OK",40073,906.03
"Lawrence, PA",42073,362.78
"Oconee, SC",45073,673.63
"Jerauld, SD",46073,532.67
"Hawkins, TN",47073,499.66
"Union, TN",47173,247.14
"Cherokee, TX",48073,1062.02
"Glasscock, TX",48173,901
"Kleberg, TX",48273,1090.5
"Polk, TX",48373,1109.91
"Waller, TX",48473,518.49
"Gloucester, VA",51073,288.02
"Smyth, VA",51173,452.33
"Whatcom, WA",53073,2503.64
"Pleasants, WV",54073,134.6
"Marathon, WI",55073,1576.24
"Lamar, AL",1075,605.51
"Wrangell, AK",2275,0
"Lawrence, AR",5075,592.39
"San Francisco, CA",6075,231.89
"Logan, CO",8075,1844.96
"Levy, FL",12075,1412.41
"Cook, GA",13075,233.24
"Laurens, GA",13175,818.56
"Thomas, GA",13275,552.13
"Payette, ID",16075,410.19
"Iroquois, IL",17075,1118.11
"Stark, IL",17175,288.23
"Jay, IN",18075,383.84
"Washington, IN",18175,516.57
"Grundy, IA",19075,502.58
"Union, IA",19175,425.98
"Hamilton, KS",20075,997.66
"Seward, KS",20175,640.55
"Fulton, KY",21075,230.56
"Morgan, KY",21175,383.76
"Plaquemines, LA",22075,2428.73
"Jackson, MI",26075,723.82
"Lake, MN",27075,2991.14
"Lauderdale, MS",28075,715.33
"Gentry, MO",29075,491.84
"Randolph, MO",29175,487.69
"Powder River, MT",30075,3298.02
"Grant, NE",31075,783.27
"Valley, NE",31175,570.54
"Oswego, NY",36075,1312.22
"Graham, NC",37075,301.61
"Transylvania, NC",37175,380.57
"Renville, ND",38075,892.11
"Holmes, OH",39075,424.04
"Wyandot, OH",39175,407.65
"Kiowa, OK",40075,1030.74
"Lebanon, PA",42075,362.61
"Orangeburg, SC",45075,1127.83
"Jones, SD",46075,971.75
"Haywood, TN",47075,534.19
"Van Buren, TN",47175,274.61
"Childress, TX",48075,713.66
"Goliad, TX",48175,859.43
"Knox, TX",48275,855.5
"Potter, TX",48375,922.06
"Ward, TX",48475,835.81
"Goochland, VA",51075,290.01
"Southampton, VA",51175,603.07
"Salem, VA",51775,14.55
"Whitman, WA",53075,2177.61
"Pocahontas, WV",54075,941.9
"Marinette, WI",55075,1550.26
"Lauderdale, AL",1077,718.84
"Lee, AR",5077,619.5
"San Joaquin, CA",6077,1426.37
"Mesa, CO",8077,3341.28
"Liberty, FL",12077,843.22
"Coweta, GA",13077,446.01
"Lee, GA",13177,362.03
"Tift, GA",13277,268.88
"Power, ID",16077,1442.69
"Jackson, IL",17077,602.54
"Stephenson, IL",17177,564.78
"Jefferson, IN",18077,362.97
"Wayne, IN",18177,404.38
"Guthrie, IA",19077,593.09
"Van Buren, IA",19177,490.59
"Harper, KS",20077,803
"Shawnee, KS",20177,556.35
"Gallatin, KY",21077,104.68
"Muhlenberg, KY",21177,479.47
"Pointe Coupee, LA",22077,590.74
"Kalamazoo, MI",26077,580.23
"Lake of the Woods, MN",27077,1775.08
"Lawrence, MS",28077,435.76
"Greene, MO",29077,677.84
"Ray, MO",29177,573.62
"Powell, MT",30077,2332.71
"Greeley, NE",31077,570.74
"Washington, NE",31177,393.79
"Otsego, NY",36077,1015.24
"Granville, NC",37077,536.6
"Tyrrell, NC",37177,600.32
"Richland, ND",38077,1445.8
"Huron, OH",39077,494.94
"Latimer, OK",40077,729.16
"Lehigh, PA",42077,348.33
"Pickens, SC",45077,511.87
"Kingsbury, SD",46077,863.73
"Henderson, TN",47077,525.95
"Warren, TN",47177,434.12
"Clay, TX",48077,1116.23
"Gonzales, TX",48177,1069.91
"Lamar, TX",48277,932.53
"Presidio, TX",48377,3856.54
"Washington, TX",48477,621.4
"Grayson, VA",51077,445.93
"Spotsylvania, VA",51177,412.3
"Yakima, WA",53077,4311.78
"Preston, WV",54077,651.45
"Marquette, WI",55077,464.46
"Lexington, VA",51678,2.49
"Menominee, WI",55078,365.02
"Lawrence, AL",1079,718.13
"Lincoln, AR",5079,572.21
"San Luis Obispo, CA",6079,3615.73
"Mineral, CO",8079,877.82
"Madison, FL",12079,715.89
"Crawford, GA",13079,326.48
"Liberty, GA",13179,602.58
"Toombs, GA",13279,368.67
"Shoshone, ID",16079,2635.6
"Jasper, IL",17079,498.06
"Tazewell, IL",17179,657.94
"Jennings, IN",18079,378.38
"Wells, IN",18179,370.43
"Hamilton, IA",19079,577.47
"Wapello, IA",19179,436.02
"Harvey, KS",20079,540.54
"Sheridan, KS",20179,896.66
"Garrard, KY",21079,233.89
"Nelson, KY",21179,424.1
"Rapides, LA",22079,1362.04
"Kalkaska, MI",26079,570.79
"Le Sueur, MN",27079,473.9
"Leake, MS",28079,585.43
"Grundy, MO",29079,438.01
"Reynolds, MO",29179,814.47
"Prairie, MT",30079,1742.61
"Hall, NE",31079,552.25
"Wayne, NE",31179,443.52
"Putnam, NY",36079,246.27
"Greene, NC",37079,265.91
"Union, NC",37179,639.64
"Rolette, ND",38079,939.4
"Jackson, OH",39079,421.52
"Le Flore, OK",40079,1608.14
"Luzerne, PA",42079,907.14
"Richland, SC",45079,771.74
"Lake, SD",46079,575.1
"Henry, TN",47079,593.49
"Washington, TN",47179,329.71
"Cochran, TX",48079,775.34
"Gray, TX",48179,929.3
"Lamb, TX",48279,1017.8
"Rains, TX",48379,258.89
"Webb, TX",48479,3375.67
"Greene, VA",51079,156.98
"Stafford, VA",51179,279.55
"Putnam, WV",54079,350.42
"Milwaukee, WI",55079,1189.8
"Nome, AK",2180,28276.17
"Covington, VA",51580,4.44
"Lynchburg, VA",51680,49.77
"South Boston, VA",51780,5.55
"Lee, AL",1081,615.61
"Little River, AR",5081,564.9
"San Mateo, CA",6081,741.07
"Moffat, CO",8081,4751.21
"Manatee, FL",12081,892.84
"Crisp, GA",13081,281.21
"Lincoln, GA",13181,257.31
"Towns, GA",13281,171.87
"Teton, ID",16081,450.6
"Jefferson, IL",17081,583.74
"Union, IL",17181,422.15
"Johnson, IN",18081,321.58
"White, IN",18181,508.82
"Hancock, IA",19081,573.18
"Warren, IA",19181,573.24
"Haskell, KS",20081,577.75
"Sherman, KS",20181,1056.08
"Grant, KY",21081,260.75
"Nicholas, KY",21181,196.86
"Red River, LA",22081,402.1
"Kent, MI",26081,872.21
"Lincoln, MN",27081,548.47
"Lee, MS",28081,453.17
"Harrison, MO",29081,726.5
"Ripley, MO",29181,631.71
"Ravalli, MT",30081,2400.39
"Hamilton, NE",31081,546.76
"Webster, NE",31181,575.04
"Queens, NY",36081,177.35
"Guilford, NC",37081,657.73
"Vance, NC",37181,269.85
"Sargent, ND",38081,867.15
"Jefferson, OH",39081,410.89
"Lincoln, OK",40081,965.68
"Lycoming, PA",42081,1243.84
"Saluda, SC",45081,460.64
"Lawrence, SD",46081,800.34
"Hickman, TN",47081,612.75
"Wayne, TN",47181,735.65
"Coke, TX",48081,928.07
"Grayson, TX",48181,979.25
"Lampasas, TX",48281,714.02
"Randall, TX",48381,922.49
"Wharton, TX",48481,1094.51
"Greensville, VA",51081,296.83
"Surry, VA",51181,310.32
"Raleigh, WV",54081,609.38
"Monroe, WI",55081,908.47
"Yakutat, AK",2282,0
"Limestone, AL",1083,607.12
"Logan, AR",5083,731.55
"Santa Barbara, CA",6083,3789.56
"Montezuma, CO",8083,2040.08
"Marion, FL",12083,1663.1
"Dade, GA",13083,174.1
"Long, GA",13183,403.53
"Treutlen, GA",13283,202.22
"Twin Falls, ID",16083,1928.57
"Jersey, IL",17083,377.05
"Vermilion, IL",17183,902.18
"Knox, IN",18083,524.08
"Whitley, IN",18183,337.91
"Hardin, IA",19083,569.99
"Washington, IA",19183,570.81
"Hodgeman, KS",20083,860.29
"Smith, KS",20183,896.56
"Graves, KY",21083,556.5
"Ohio, KY",21183,596.75
"Richland, LA",22083,564.55
"Keweenaw, MI",26083,6060.49
"Lyon, MN",27083,721.49
"Leflore, MS",28083,606.4
"Henry, MO",29083,732.61
"St. Charles, MO",29183,593.54
"Richland, MT",30083,2103.08
"Harlan, NE",31083,574.2
"Wheeler, NE",31183,575.61
"Rensselaer, NY",36083,665.46
"Halifax, NC",37083,730.97
"Wake, NC",37183,857.5
"Sheridan, ND",38083,1005.83
"Knox, OH",39083,529.56
"Logan, OK",40083,748.98
"McKean, PA",42083,984.22
"Spartanburg, SC",45083,819.21
"Lincoln, SD",46083,578.64
"Houston, TN",47083,206.94
"Weakley, TN",47183,581.85
"Coleman, TX",48083,1281.55
"Gregg, TX",48183,276.41
"La Salle, TX",48283,1494.36
"Reagan, TX",48383,1176.09
"Wheeler, TX",48483,915.39
"Halifax, VA",51083,824.05
"Sussex, VA",51183,492.86
"Manassas, VA",51683,10.03
"Randolph, WV",54083,1040
"Oconto, WI",55083,1149.18
"Lowndes, AL",1085,725.09
"North Slope, AK",2185,93823.1
"Lonoke, AR",5085,802.48
"Santa Clara, CA",6085,1304.53
"Montrose, CO",8085,2242.71
"Martin, FL",12085,752.86
"Dawson, GA",13085,213.95
"Lowndes, GA",13185,510.66
"Troup, GA",13285,445.99
"Valley, ID",16085,3733.85
"Jo Daviess, IL",17085,618.79
"Wabash, IL",17185,227.78
"Kosciusko, IN",18085,554.36
"Harrison, IA",19085,700.99
"Wayne, IA",19185,527.12
"Jackson, KS",20085,657.9
"Stafford, KS",20185,794.77
"Grayson, KY",21085,510.86
"Oldham, KY",21185,196.56
"Sabine, LA",22085,1011.59
"Lake, MI",26085,574.64
"McLeod, MN",27085,505.7
"Lincoln, MS",28085,588.22
"Hickory, MO",29085,411.77
"St. Clair, MO",29185,701.95
"Roosevelt, MT",30085,2369.7
"Hayes, NE",31085,713.37
"York, NE",31185,576.04
"Richmond, NY",36085,102.62
"Harnett, NC",37085,601.3
"Warren, NC",37185,443.83
"Sioux, ND",38085,1128.37
"Lake, OH",39085,979.02
"Love, OK",40085,531.99
"Mercer, PA",42085,682.62
"Sumter, SC",45085,682.08
"Lyman, SD",46085,1707.18
"Humphreys, TN",47085,556.75
"White, TN",47185,379.55
"Collin, TX",48085,885.91
"Grimes, TX",48185,801.27
"Lavaca, TX",48285,970.44
"Real, TX",48385,700.09
"Wichita, TX",48485,633.04
"Hanover, VA",51085,474.11
"Tazewell, VA",51185,519.91
"Manassas Park, VA",51685,1.83
"Ritchie, WV",54085,453.61
"Oneida, WI",55085,1236.11
"Miami-Dade, FL",12086,2429.59
"Ste. Genevieve, MO",29186,508.96
"Macon, AL",1087,613.29
"Madison, AR",5087,837.13
"Santa Cruz, CA",6087,607.72
"Morgan, CO",8087,1293.97
"Monroe, FL",12087,3737.42
"Decatur, GA",13087,623.2
"Lumpkin, GA",13187,284.89
"Turner, GA",13287,289.87
"Washington, ID",16087,1473.6
"Johnson, IL",17087,348.89
"Warren, IL",17187,543.21
"LaGrange, IN",18087,386.73
"Henry, IA",19087,436.71
"Webster, IA",19187,718.1
"Jefferson, KS",20087,556.98
"Stanton, KS",20187,680.12
"Green, KY",21087,288.8
"Owen, KY",21187,354.18
"St. Bernard, LA",22087,1793.84
"Lapeer, MI",26087,663.12
"Mahnomen, MN",27087,583.02
"Lowndes, MS",28087,516.48
"Holt, MO",29087,469.09
"St. Francois, MO",29187,452.43
"Rosebud, MT",30087,5026.96
"Hitchcock, NE",31087,718.62
"Rockland, NY",36087,199.36
"Haywood, NC",37087,554.85
"Washington, NC",37187,424.26
"Slope, ND",38087,1219.27
"Lawrence, OH",39087,457.3
"McClain, OK",40087,580.18
"Mifflin, PA",42087,413.46
"Union, SC",45087,515.96
"McCook, SD",46087,577.21
"Jackson, TN",47087,319.57
"Williamson, TN",47187,583.67
"Collingsworth, TX",48087,919.48
"Guadalupe, TX",48187,714.23
"Lee, TX",48287,634.09
"Red River, TX",48387,1057.67
"Wilbarger, TX",48487,978.16
"Henrico, VA",51087,243.22
"Warren, VA",51187,216.35
"Roane, WV",54087,483.8
"Outagamie, WI",55087,644.46
"Northwest Arctic, AK",2188,40660.96
"Madison, AL",1089,812.89
"Marion, AR",5089,640.38
"Shasta, CA",6089,3847.61
"Otero, CO",8089,1269.81
"Nassau, FL",12089,725.9
"DeKalb, GA",13089,270.94
"McDuffie, GA",13189,266.32
"Twiggs, GA",13289,362.92
"Kane, IL",17089,524.12
"Washington, IL",17189,564.15
"Lake, IN",18089,626.38
"Howard, IA",19089,473.8
"Winnebago, IA",19189,401.59
"Jewell, KS",20089,914.51
"Stevens, KS",20189,727.78
"Greenup, KY",21089,354.53
"Owsley, KY",21189,198.1
"St. Charles, LA",22089,410.18
"Leelanau, MI",26089,2533.36
"Marshall, MN",27089,1812.83
"Madison, MS",28089,742.03
"Howard, MO",29089,470.58
"St. Louis, MO",29189,523.61
"Sanders, MT",30089,2790.18
"Holt, NE",31089,2417.8
"St. Lawrence, NY",36089,2821.61
"Henderson, NC",37089,374.85
"Watauga, NC",37189,312.76
"Stark, ND",38089,1340.55
"Licking, OH",39089,688.39
"McCurtain, OK",40089,1901.45
"Monroe, PA",42089,616.05
"Williamsburg, SC",45089,936.97
"McPherson, SD",46089,1151.92
"Jefferson, TN",47089,314.34
"Wilson, TN",47189,583.27
"Colorado, TX",48089,973.68
"Hale, TX",48189,1004.86
"Leon, TX",48289,1080.47
"Reeves, TX",48389,2642.13
"Willacy, TX",48489,784.27
"Henry, VA",51089,384.41
"Summers, WV",54089,367.73
"Ozaukee, WI",55089,1116.3
"Fairbanks North Star, AK",2090,7443.68
"Yukon-Koyukuk, AK",2290,158995.95
"Danville, VA",51590,43.94
"Martinsville, VA",51690,11.01
"Staunton, VA",51790,19.76
"Marengo, AL",1091,982.92
"Miller, AR",5091,637.53
"Sierra, CA",6091,962.03
"Ouray, CO",8091,542.26
"Okaloosa, FL",12091,1082.09
"Dodge, GA",13091,503.2
"McIntosh, GA",13191,574.76
"Union, GA",13291,329.19
"Kankakee, IL",17091,681.49
"Wayne, IL",17191,715.6
"LaPorte, IN",18091,613.09
"Humboldt, IA",19091,435.75
"Winneshiek, IA",19191,689.93
"Johnson, KS",20091,480.18
"Sumner, KS",20191,1184.86
"Hancock, KY",21091,198.93
"Pendleton, KY",21191,281.37
"St. Helena, LA",22091,409.49
"Lenawee, MI",26091,761.38
"Martin, MN",27091,729.59
"Marion, MS",28091,548.61
"Howell, MO",29091,928.39
"Sheridan, MT",30091,1706.38
"Hooker, NE",31091,721.54
"Saratoga, NY",36091,843.78
"Hertford, NC",37091,360.83
"Wayne, NC",37191,556.72
"Steele, ND",38091,715.54
"Logan, OH",39091,466.81
"McIntosh, OK",40091,712.49
"Montgomery, PA",42091,487.47
"York, SC",45091,695.77
"Marshall, SD",46091,885.67
"Johnson, TN",47091,302.76
"Comal, TX",48091,574.65
"Hall, TX",48191,904.13
"Liberty, TX",48291,1176.33
"Refugio, TX",48391,818.72
"Williamson, TX",48491,1136.5
"Highland, VA",51091,415.88
"Washington, VA",51191,567.59
"Taylor, WV",54091,175.7
"Pepin, WI",55091,248.7
"Marion, AL",1093,743.62
"Mississippi, AR",5093,919.8
"Siskiyou, CA",6093,6347.81
"Park, CO",8093,2210.82
"Okeechobee, FL",12093,891.98
"Dooly, GA",13093,397.15
"Macon, GA",13193,405.99
"Upson, GA",13293,327.67
"Kendall, IL",17093,322.69
"White, IL",17193,501.72
"Lawrence, IN",18093,452.1
"Ida, IA",19093,432.26
"Woodbury, IA",19193,877.43
"Kearny, KS",20093,871.57
"Thomas, KS",20193,1074.97
"Hardin, KY",21093,629.89
"Perry, KY",21193,342.64
"St. James, LA",22093,257.81
"Livingston, MI",26093,585.46
"Meeker, MN",27093,645.11
"Marshall, MS",28093,709.86
"Iron, MO",29093,552.09
"Silver Bow, MT",30093,718.99
"Howard, NE",31093,575.77
"Schenectady, NY",36093,209.64
"Hoke, NC",37093,392.37
"Wilkes, NC",37193,759.96
"Stutsman, ND",38093,2298.36
"Lorain, OH",39093,923.09
"Major, OK",40093,957.92
"Montour, PA",42093,132.3
"Meade, SD",46093,3482.67
"Knox, TN",47093,525.81
"Comanche, TX",48093,947.74
"Hamilton, TX",48193,836.45
"Limestone, TX",48293,933.22
"Roberts, TX",48393,924.25
"Wilson, TX",48493,808.64
"Isle of Wight, VA",51093,362.79
"Westmoreland, VA",51193,252.65
"Tucker, WV",54093,421.13
"Pierce, WI",55093,591.62
"Marshall, AL",1095,623.21
"Petersburg, AK",2195,8973.77
"Monroe, AR",5095,621.46
"Solano, CA",6095,906.85
"Phillips, CO",8095,687.78
"Orange, FL",12095,1004.31
"Dougherty, GA",13095,334.67
"Madison, GA",13195,285.6
"Walker, GA",13295,446.74
"Knox, IL",17095,719.74
"Whiteside, IL",17195,697.06
"Madison, IN",18095,452.94
"Iowa, IA",19095,587.39
"Worth, IA",19195,401.73
"Kingman, KS",20095,866.75
"Trego, KS",20195,899.09
"Harlan, KY",21095,467.98
"Pike, KY",21195,788.89
"St. John the Baptist, LA",22095,347.86
"Luce, MI",26095,1911.9
"Mille Lacs, MN",27095,681.8
"Monroe, MS",28095,772.1
"Jackson, MO",29095,616.16
"Saline, MO",29195,764.62
"Stillwater, MT",30095,1804.71
"Jefferson, NE",31095,575.53
"Schoharie, NY",36095,626.18
"Hyde, NC",37095,1424
"Wilson, NC",37195,374.29
"Towner, ND",38095,1041.61
"Lucas, OH",39095,560.64
"Marshall, OK",40095,426.98
"Northampton, PA",42095,377.41
"Mellette, SD",46095,1309.87
"Lake, TN",47095,193.81
"Concho, TX",48095,993.75
"Hansford, TX",48195,920.48
"Lipscomb, TX",48295,932.28
"Robertson, TX",48395,865.73
"Winkler, TX",48495,841.29
"James City, VA",51095,179.73
"Wise, VA",51195,404.56
"Emporia, VA",51595,6.96
"Tyler, WV",54095,260.71
"Polk, WI",55095,956.33
"Mobile, AL",1097,1644.14
"Montgomery, AR",5097,800.34
"Sonoma, CA",6097,1768.35
"Pitkin, CO",8097,973.28
"Osceola, FL",12097,1506.49
"Douglas, GA",13097,200.27
"Marion, GA",13197,367.53
"Walton, GA",13297,330.07
"Lake, IL",17097,1368.05
"Will, IL",17197,849.45
"Marion, IN",18097,403.11
"Jackson, IA",19097,649.81
"Wright, IA",19197,582.58
"Kiowa, KS",20097,722.67
"Wabaunsee, KS",20197,799.86
"Harrison, KY",21097,309.89
"Powell, KY",21197,180.21
"St. Landry, LA",22097,938.88
"Mackinac, MI",26097,2100.59
"Morrison, MN",27097,1153.37
"Montgomery, MS",28097,407.9
"Jasper, MO",29097,641.37
"Schuyler, MO",29197,308.18
"Sweet Grass, MT",30097,1862.1
"Johnson, NE",31097,376.84
"Schuyler, NY",36097,346.16
"Iredell, NC",37097,593.42
"Yadkin, NC",37197,337.53
"Traill, ND",38097,862.59
"Madison, OH",39097,465.97
"Mayes, OK",40097,683.55
"Northumberland, PA",42097,477.4
"Miner, SD",46097,572.03
"Lauderdale, TN",47097,507.17
"Cooke, TX",48097,898.87
"Hardeman, TX",48197,697.05
"Live Oak, TX",48297,1078.94
"Rockwall, TX",48397,148.71
"Wise, TX",48497,922.84
"King and Queen, VA",51097,326.35
"Wythe, VA",51197,464.63
"Upshur, WV",54097,354.89
"Portage, WI",55097,822.82
"Prince of Wales-Hyder, AK",2198,12566.41
"Monroe, AL",1099,1034.62
"Nevada, AR",5099,620.83
"Stanislaus, CA",6099,1514.8
"Prowers, CO",8099,1644.46
"Palm Beach, FL",12099,2386.53
"Early, GA",13099,516.31
"Meriwether, GA",13199,505.39
"Ware, GA",13299,906.62
"LaSalle, IL",17099,1148.12
"Williamson, IL",17199,444.4
"Marshall, IN",18099,449.95
"Jasper, IA",19099,732.97
"Labette, KS",20099,653.36
"Wallace, KS",20199,914.12
"Hart, KY",21099,417.93
"Pulaski, KY",21199,677.09
"St. Martin, LA",22099,816.51
"Macomb, MI",26099,569.81
"Mower, MN",27099,711.74
"Neshoba, MS",28099,571.69
"Jefferson, MO",29099,664.12
"Scotland, MO",29199,439.29
"Teton, MT",30099,2292.57
"Kearney, NE",31099,516.15
"Seneca, NY",36099,390.53
"Jackson, NC",37099,494.36
"Yancey, NC",37199,313.13
"Walsh, ND",38099,1294.17
"Mahoning, OH",39099,423.4
"Murray, OK",40099,424.95
"Perry, PA",42099,555.81
"Minnehaha, SD",46099,813.74
"Lawrence, TN",47099,617.96
"Coryell, TX",48099,1056.81
"Hardin, TX",48199,897.43
"Llano, TX",48299,966.25
"Runnels, TX",48399,1057.22
"Wood, TX",48499,695.87
"King George, VA",51099,187.81
"York, VA",51199,215.5
"Wayne, WV",54099,512.23
"Price, WI",55099,1278.57
